-- phpMyAdmin SQL Dump
-- version 4.5.4.1
-- http://www.phpmyadmin.net
--
-- Хост: localhost
-- Время создания: Янв 31 2017 г., 12:39
-- Версия сервера: 5.6.33-79.0-log
-- Версия PHP: 5.6.18-pl0-gentoo

SET SQL_MODE = "NO_AUTO_VALUE_ON_ZERO";
SET time_zone = "+00:00";


/*!40101 SET @OLD_CHARACTER_SET_CLIENT=@@CHARACTER_SET_CLIENT */;
/*!40101 SET @OLD_CHARACTER_SET_RESULTS=@@CHARACTER_SET_RESULTS */;
/*!40101 SET @OLD_COLLATION_CONNECTION=@@COLLATION_CONNECTION */;
/*!40101 SET NAMES utf8mb4 */;

--
-- База данных: `pronweru_pronwe`
--

-- --------------------------------------------------------

--
-- Структура таблицы `BlockedParticipants`
--

CREATE TABLE `BlockedParticipants` (
  `id_event` int(18) NOT NULL,
  `id_participant` int(18) NOT NULL,
  `id_stage` int(18) NOT NULL
) ENGINE=InnoDB DEFAULT CHARSET=utf8;

--
-- Дамп данных таблицы `BlockedParticipants`
--

INSERT INTO `BlockedParticipants` (`id_event`, `id_participant`, `id_stage`) VALUES
(6, 71, 9),
(6, 72, 9),
(9, 99, 13),
(9, 100, 13),
(9, 101, 13),
(9, 102, 13),
(9, 103, 13),
(9, 104, 13),
(9, 105, 13),
(9, 106, 13),
(9, 107, 13),
(9, 108, 13),
(9, 109, 13),
(9, 110, 13);

-- --------------------------------------------------------

--
-- Структура таблицы `BlockedStages`
--

CREATE TABLE `BlockedStages` (
  `id` int(18) NOT NULL,
  `id_stage` int(18) NOT NULL,
  `block` int(11) NOT NULL DEFAULT '1'
) ENGINE=InnoDB DEFAULT CHARSET=utf8;

--
-- Дамп данных таблицы `BlockedStages`
--

INSERT INTO `BlockedStages` (`id`, `id_stage`, `block`) VALUES
(1, 3, 1),
(2, 4, 1),
(3, 5, 1),
(4, 6, 0),
(5, 7, 1),
(6, 8, 1),
(7, 9, 0),
(8, 10, 1),
(9, 11, 1),
(10, 12, 1),
(11, 13, 1),
(12, 14, 1),
(13, 15, 1),
(14, 16, 1),
(15, 17, 1),
(16, 18, 1),
(17, 19, 1),
(18, 20, 1),
(19, 21, 1);

-- --------------------------------------------------------

--
-- Структура таблицы `Cities`
--

CREATE TABLE `Cities` (
  `id` int(11) NOT NULL,
  `name` varchar(100) NOT NULL
) ENGINE=InnoDB DEFAULT CHARSET=utf8;

--
-- Дамп данных таблицы `Cities`
--

INSERT INTO `Cities` (`id`, `name`) VALUES
(1, 'Санкт-Петербург'),
(2, 'Москва'),
(3, 'Пермь'),
(4, 'Екатеренбург'),
(5, 'Сочи');

-- --------------------------------------------------------

--
-- Структура таблицы `Criteria`
--

CREATE TABLE `Criteria` (
  `id` int(18) NOT NULL,
  `name` text NOT NULL,
  `maxscore` int(6) NOT NULL,
  `id_stage` int(18) NOT NULL
) ENGINE=InnoDB DEFAULT CHARSET=utf8;

--
-- Дамп данных таблицы `Criteria`
--

INSERT INTO `Criteria` (`id`, `name`, `maxscore`, `id_stage`) VALUES
(1, 'Подробно ли проведено исследование?', 1, 3),
(2, 'Насколько описанное соответствует действительности? ', 1, 3),
(3, 'Выделены ли каналы продвижения?', 1, 3),
(4, 'Знает как применить в своём проекте.', 1, 3),
(5, 'Визуализация. Оформление не зацепило = "0". Оформление листа есть, но не связано с содержанием = "1". Оформление усиливает содержание = "2" ', 2, 4),
(6, 'Ключевые благополучатели. Благополучатель не понятен  = "0". Благополучатель проработан = "1". Есть несколько проработанных благополучателей  = "2"  ', 2, 4),
(7, 'Ресурсы для реализации.  Ключевые статьи расходов не отражены = "0". Ключевые статьи расходов отражены = "1". Ключевые и дополнительные статьи расходов отражены = "2"', 2, 4),
(8, 'Партнёры.  Нет конкретных партнеров, которые могут усилить проект = "0". 1-2 конкретных партнеров, которые могут усилить проект = "1". Более 2 конкретных партнеров, которые могут усилить проект = "2"', 2, 4),
(9, 'Критерии эффективности. Менее трех критериев эффективности проектов = "0". Есть понятные три критерия эффективности проекта = "1". Есть более трех критериев эффективности проекта = "2"', 2, 4),
(10, 'Перспективы проекта. Продолжать работу над проектом не планируется = "0". Планируется продолжение с учётом комментариев по доработке От 1 до 2. Планируется продолжение масштабное развитие и тиражирование От 3 до 4.', 4, 4),
(11, 'Презентация. Уверенность выступления.', 2, 4),
(12, 'Презентация. Суть проекта ясна.', 2, 4),
(13, 'Презентация. Презентация вызывает интерес.', 2, 4),
(14, 'Оригинальность выступления', 5, 5),
(15, 'Целостность номера', 5, 5),
(16, 'Техника исполнения', 5, 5),
(17, 'Accuracy and originality of facts and evidence presented (both orally and visually)', 4, 6),
(18, 'Adequacy and persuasiveness of presentation relative to topics covered', 6, 6),
(19, 'Use of appropriate range and quantity of sources, clear identification of sources', 5, 6),
(20, 'Чья выпечка Вам нравиться? Выбрать только одного участника!  1 - нравиться, 0 - не нравиться.', 1, 7),
(21, 'Критерии оценки: соответствие визитки названию факультета, оригинальность представления визитки, актерская игра участников.', 5, 8),
(25, 'Критерии оценки: соответствие представленной модели пояснению факультета, оригинальность исполнения модели, ораторское мастерство.', 5, 10),
(26, 'Критерии оценки: узнаваемость представленной страны, отображение колорита страны, творческие способности и артистизм, оригинальность номера.', 5, 11),
(27, 'Соответствие стиля конкурсанта созданному образу; актерская игра; полнота и узнаваемость картины', 5, 12),
(28, 'Вопросы участику. Баллы за этот этап выставляются автоматически.', 3, 13),
(29, 'Эстетическая составляющая номера, режиссура, творческие способности и артистизм участника, оригинальность номера', 6, 14),
(32, 'Significant Social Impact. The extent of the social problem addressed, and the project’s capacity to address it are crucial.', 5, 16),
(33, 'Large and/or Growing Market. The products and/or services of each project should serve an underserved or growing market opportunity.', 5, 16),
(34, 'Competitive Advantage. The ideal enterprise should have a) proprietary or patent-pending technology; b) strong brand name recognition; c) market-niche dominance; and/or d) significant first-mover advantage.', 5, 16),
(35, 'Viable Sustainability Strategy. The social project should be capable of generating cash flows which can be used to sustain the enterprise and reduce dependence on grants or donations.', 5, 16),
(36, 'Overall Presentation. The “pitch” is engaging, well designed and covers all the key points that are important to investors, including how much seed funding is needed and how it will be spent.', 5, 16),
(37, 'Оцените выступление команд', 5, 17),
(38, 'Оцените выступление команд', 5, 18),
(39, 'Оцените выступление команд', 4, 19),
(40, 'Оцените выступление команд', 4, 20),
(41, 'Оцените выступление команд', 5, 21);

--
-- Триггеры `Criteria`
--
DELIMITER $$
CREATE TRIGGER `addCriteriontoStage` AFTER INSERT ON `Criteria` FOR EACH ROW UPDATE Stages
INNER JOIN Criteria 
ON Stages.id = Criteria.id_stage
SET allcriterions = allcriterions + 1
WHERE Stages.id = NEW.id_stage
$$
DELIMITER ;
DELIMITER $$
CREATE TRIGGER `deleteCriteriontoStage` AFTER DELETE ON `Criteria` FOR EACH ROW UPDATE Stages
INNER JOIN Criteria 
ON Stages.id = Criteria.id_stage
SET allcriterions = allcriterions - 1
WHERE Stages.id = OLD.id_stage
$$
DELIMITER ;

-- --------------------------------------------------------

--
-- Структура таблицы `Events`
--

CREATE TABLE `Events` (
  `id` int(18) NOT NULL,
  `title` varchar(100) NOT NULL,
  `description` varchar(1000) NOT NULL,
  `event_status` int(11) NOT NULL,
  `start_datetime` datetime NOT NULL,
  `finish_datetime` datetime NOT NULL,
  `city` varchar(65) NOT NULL,
  `type` int(11) NOT NULL,
  `photo` varchar(65) NOT NULL,
  `full` int(11) NOT NULL DEFAULT '0'
) ENGINE=InnoDB DEFAULT CHARSET=utf8;

--
-- Дамп данных таблицы `Events`
--

INSERT INTO `Events` (`id`, `title`, `description`, `event_status`, `start_datetime`, `finish_datetime`, `city`, `type`, `photo`, `full`) VALUES
(3, 'ТНЛ-ИССЛЕДОВАНИЕ', 'Задача эксперта ставить «галочки», если он видит соответствующее поведение у участника игры.', 2, '2016-05-13 15:00:00', '2016-05-13 20:00:00', '1', 1, 'tnl.jpg', 0),
(4, 'ТНЛ-ПРОЕКТЫ', 'ФИНАЛИСТЫ ФЕДЕРАЛЬНОГО КОНКУРСА СОЦИАЛЬНЫХ ПРОЕКТОВ «ТЫ НУЖЕН ЛЮДЯМ!»', 2, '2016-05-13 15:00:00', '2016-05-13 20:00:00', '1', 1, 'tnl.jpg', 0),
(5, 'Весна в ИТМО', '27 мая в 17:30 в Актовом зале Университета ИТМО по адресу Кронверкский пр., д.49 состоится долгожданный финал Межфакультетского фестиваля студенческого творчества "Весна в ИТМО"! \n\nВ течение всей весны факультетов сражались во всевозможных конкурсах за звание стать лучшим и победить в Фестивале. И только самый достойный заберет главный приз с собой! \n\nПриходи и поддержи свой факультет! Окунись в море эмоций и творчества! ', 5, '2016-05-27 17:30:00', '2016-05-27 20:10:00', '1', 1, 'spring_logo.jpg', 0),
(6, 'Тестовое мероприятие', 'Тестовое мероприятие - для того, чтобы в режиме онлайн исправлять ошибки на сервере.', 1, '2016-05-27 14:00:00', '2026-12-31 23:50:00', '1', 1, 'ITMO_logo_RU_vert_invert.png', 0),
(7, 'Фестиваль "от Сердца к Сердцу"', 'В 11:00 наша площадка наполнится теплом неравнодушных сердец', 4, '2016-09-17 11:00:00', '2016-09-17 18:00:00', '1', 2, 'от сердца к сердцу.png', 0),
(8, 'Фестиваль "Я - Первокурсник!"', '\nС 1 сентября по 21 октября в Университете ежегодный проходит межфакультетский фестиваль "Я-Первокурсник!" \nКаждый год сотни первокурсников в первые месяцы своего студенчества знакомятся с жизнью Университета, посещают новые для них занятия, знакомятся с огромным количеством человек, узнают о внеучебной деятельности ИТМО. Их курируют в этом студенты старших курсов, помогают им адаптироваться и не допустить тех ошибок, которые совершали они на своем первом курсе. Кульминационным завершением всего этого становится творческие выступления факультетов на Гала-концерте фестиваля и определение лучших из лучших. ', 5, '2016-10-21 17:30:00', '2016-10-21 19:00:00', '1', 2, 'HtPtVHIP7-I.jpg', 0),
(9, 'Мистер ИТМО 2017', '«Мистер ИТМО» - самое ожидаемое и громкое событие каждой зимы, ежегодно зажигающее одну из центральных сцен Санкт-Петербурга.\nЮбилейное, десятое по счету грандиозное шоу соберет выдающихся, ярких и уникальных парней нашего Университета, которые сойдутся в борьбе за признание зрителей, почетного жюри и, конечно же, за почетный титул «Мистера ИТМО 2017».\nАналогичного по масштабам конкурса вы не найдете в других ВУЗах. Его организация - результат кропотливой и скоординированной работы не только самих участников, но и большой команды организаторов. \nСовершенствуясь с каждым годом, за десять лет мероприятие вышло на высочайший уровень и приобрело по-настоящему огромный размах.\nХочешь увидеть все своими глазами?\nТогда мы ждем тебя уже 9 декабря в 17.30 в театре «Мюзик-холл».', 4, '2017-12-09 17:30:00', '2017-12-09 19:00:00', '1', 2, 'mister_logo.jpg', 0),
(10, 'International Festival Of Social Entrepreneurship 2016', 'The International Festival of Social Entrepreneurship is designed to provide university students from around the world with opportunities to practice and to develop the skills necessary for social enterprise and community projects in partnership with nonprofit organizations and businesses. The event also provides students with the tools necessary for managing and creating social enterprises through an acceleration program designed to be both instructive and practice-oriented.\n\nScope: The Festival is organized among the Universities of the world in order to share best practices of social entrepreneurship used in Global Universities to strengthen the PBL approach to education, development of students’ soft skills, enhancing their position on the labor market, improving Universities’ community engagement and stimulating Universities innovation ecosystems.', 1, '2016-12-14 11:00:00', '2016-12-14 19:00:00', '1', 1, 'ifse_logo.jpg', 0),
(11, 'Лига КВН POINT', 'Лига КВН POINT Лига КВН POINT Лига КВН POINT Лига КВН POINT Лига КВН POINT Лига КВН POINT Лига КВН POINT Лига КВН POINT Лига КВН POINT ', 4, '2016-12-17 19:00:00', '2016-12-17 21:00:00', '1', 2, 'point_logo.png', 0);

-- --------------------------------------------------------

--
-- Структура таблицы `Judges`
--

CREATE TABLE `Judges` (
  `id` int(18) NOT NULL,
  `name` varchar(65) NOT NULL,
  `email` varchar(65) NOT NULL,
  `position` varchar(65) NOT NULL,
  `photo` varchar(128) NOT NULL,
  `id_event` int(18) NOT NULL
) ENGINE=InnoDB DEFAULT CHARSET=utf8;

--
-- Дамп данных таблицы `Judges`
--

INSERT INTO `Judges` (`id`, `name`, `email`, `position`, `photo`, `id_event`) VALUES
(1, 'ТНЛ-ИССЛЕДОВАНИЕ', 'tnl-research@ya.ru', 'системный', 'no-user.png', 3),
(2, 'pronwe1@mail.ru', 'pronwe1@mail.ru', 'pronwe1@mail.ru', 'no-user.png', 4),
(3, 'pronwe2@mail.ru', 'pronwe2@mail.ru', 'pronwe2@mail.ru', 'no-user.png', 4),
(4, 'pronwe3@mail.ru', 'pronwe3@mail.ru', 'pronwe3@mail.ru', 'no-user.png', 4),
(5, 'pronwe4@mail.ru', 'pronwe4@mail.ru', 'pronwe4@mail.ru', 'no-user.png', 4),
(6, 'pronwe5@mail.ru', 'pronwe5@mail.ru', 'pronwe5@mail.ru', 'no-user.png', 4),
(7, 'pronwe6@mail.ru', 'pronwe6@mail.ru', 'pronwe6@mail.ru', 'no-user.png', 4),
(8, 'pronwe7@mail.ru', 'pronwe7@mail.ru', 'pronwe7@mail.ru', 'no-user.png', 4),
(9, 'Весна - жюри 1', 's1-judge@pronwe.ru', 'жюри', 'no-user.png', 5),
(10, 'Весна - жюри 2', 's2-judge@pronwe.ru', 'жюри', 'no-user.png', 5),
(11, 'Весна - жюри 3', 's3-judge@pronwe.ru', 'жюри', 'no-user.png', 5),
(12, 'Весна - жюри 4', 's4-judge@pronwe.ru', 'жюри', 'no-user.png', 5),
(13, 'Весна - жюри 5', 's5-judge@pronwe.ru', 'жюри', 'no-user.png', 5),
(14, 'Весна - жюри 6', 's6-judge@pronwe.ru', 'жюри', 'no-user.png', 5),
(15, 'Весна - жюри 7', 's7-judge@pronwe.ru', 'жюри', 'no-user.png', 5),
(16, 'Весна - жюри 8', 's8-judge@pronwe.ru', 'жюри', 'no-user.png', 5),
(17, 'Весна - жюри 9', 's9-judge@pronwe.ru', 'жюри', 'no-user.png', 5),
(18, 'Весна - жюри 10', 's10-judge@pronwe.ru', 'жюри', 'no-user.png', 5),
(19, 'Весна - жюри 11', 's11-judge@pronwe.ru', 'жюри', 'no-user.png', 5),
(20, 'Весна - жюри 12', 's12-judge@pronwe.ru', 'жюри', 'no-user.png', 5),
(21, 'Весна - жюри 13', 's13-judge@pronwe.ru', 'жюри', 'no-user.png', 5),
(22, 'Тестовое жюри', 'test@pronwe.ru', 'тестировщик', 'no-user.png', 6),
(23, 'жюри 1', 'festeval1@ya.ru', '-', 'no-user.png', 7),
(24, 'judge_8_1', 'judge_8_1@pronwe.ru', 'жюри  1', 'no-user.png', 8),
(25, 'judge_8_2', 'judge_8_2@pronwe.ru', 'жюри  2', 'no-user.png', 8),
(26, 'judge_8_3', 'judge_8_3@pronwe.ru', 'жюри  3', 'no-user.png', 8),
(27, 'judge_8_4', 'judge_8_4@pronwe.ru', 'жюри  4', 'no-user.png', 8),
(28, 'judge_8_5', 'judge_8_5@pronwe.ru', 'жюри  5', 'no-user.png', 8),
(29, 'judge_8_6', 'judge_8_6@pronwe.ru', 'жюри  6', 'no-user.png', 8),
(30, 'ifmo-mister17-1', 'ifmo-mister17-1@ya.ru', 'ifmo-mister17-1', 'no-user.png', 9),
(31, 'ifmo-mister17-2', 'ifmo-mister17-2@ya.ru', 'ifmo-mister17-2', 'no-user.png', 9),
(32, 'ifmo-mister17-3', 'ifmo-mister17-3@ya.ru', 'ifmo-mister17-3', 'no-user.png', 9),
(33, 'ifmo-mister17-4', 'ifmo-mister17-4@ya.ru', 'ifmo-mister17-4', 'no-user.png', 9),
(34, 'ifmo-mister17-5', 'ifmo-mister17-5@ya.ru', 'ifmo-mister17-5', 'no-user.png', 9),
(35, 'ifmo-mister17-6', 'ifmo-mister17-6@ya.ru', 'ifmo-mister17-6', 'no-user.png', 9),
(36, 'ifmo-mister17-7', 'ifmo-mister17-7@ya.ru', 'ifmo-mister17-7', 'no-user.png', 9),
(37, 'ifmo-mister17-8', 'ifmo-mister17-8@ya.ru', 'ifmo-mister17-8', 'no-user.png', 9),
(38, 'test1@pronwe.ru', 'test1@pronwe.ru', '123', 'no-user.png', 6),
(39, 'ifmo-ifse-1@ya.ru', 'ifmo-ifse-1@ya.ru', 'ifmo-ifse-1@ya.ru', 'no-user.png', 10),
(40, 'ifmo-ifse-2@ya.ru', 'ifmo-ifse-2@ya.ru', 'ifmo-ifse-2@ya.ru', 'no-user.png', 10),
(41, 'ifmo-ifse-3@ya.ru', 'ifmo-ifse-3@ya.ru', 'ifmo-ifse-3@ya.ru', 'no-user.png', 10),
(42, 'ifmo-ifse-4@ya.ru', 'ifmo-ifse-4@ya.ru', 'ifmo-ifse-4@ya.ru', 'no-user.png', 10),
(43, 'ifmo-ifse-5@ya.ru', 'ifmo-ifse-5@ya.ru', 'ifmo-ifse-5@ya.ru', 'no-user.png', 10),
(44, 'ifmo-ifse-6@ya.ru', 'ifmo-ifse-6@ya.ru', 'ifmo-ifse-6@ya.ru', 'no-user.png', 10),
(45, 'ifmo-ifse-7@ya.ru', 'ifmo-ifse-7@ya.ru', 'ifmo-ifse-7@ya.ru', 'no-user.png', 10),
(46, 'ifmo-ifse-8@ya.ru', 'ifmo-ifse-8@ya.ru', 'ifmo-ifse-8@ya.ru', 'no-user.png', 10),
(47, 'ifmo-point-1@ya.ru', 'ifmo-point-1@ya.ru', 'ifmo-point-1@ya.ru', 'no-user.png', 11),
(48, 'ifmo-point-2@ya.ru', 'ifmo-point-2@ya.ru', 'ifmo-point-2@ya.ru', 'no-user.png', 11),
(49, 'ifmo-point-3@ya.ru', 'ifmo-point-3@ya.ru', 'ifmo-point-3@ya.ru', 'no-user.png', 11),
(50, 'ifmo-point-4@ya.ru', 'ifmo-point-4@ya.ru', 'ifmo-point-4@ya.ru', 'no-user.png', 11),
(51, 'ifmo-point-5@ya.ru', 'ifmo-point-5@ya.ru', 'ifmo-point-5@ya.ru', 'no-user.png', 11);

-- --------------------------------------------------------

--
-- Структура таблицы `Online`
--

CREATE TABLE `Online` (
  `id_event` int(18) NOT NULL,
  `id_judge` int(18) NOT NULL
) ENGINE=InnoDB DEFAULT CHARSET=utf8;

--
-- Дамп данных таблицы `Online`
--

INSERT INTO `Online` (`id_event`, `id_judge`) VALUES
(11, 47),
(11, 48),
(11, 49),
(11, 50),
(11, 51);

-- --------------------------------------------------------

--
-- Структура таблицы `Participants`
--

CREATE TABLE `Participants` (
  `id` int(18) NOT NULL,
  `id_event` int(18) NOT NULL,
  `name` varchar(65) NOT NULL,
  `description` text NOT NULL,
  `photo` varchar(65) NOT NULL
) ENGINE=InnoDB DEFAULT CHARSET=utf8;

--
-- Дамп данных таблицы `Participants`
--

INSERT INTO `Participants` (`id`, `id_event`, `name`, `description`, `photo`) VALUES
(4, 4, 'Доброе сердце', 'Башкирский государственный аграрный университет\nРеспублика Башкортостан, г. Уфа\nКапитан:Муратова Лилия', '2.jpg'),
(5, 4, 'Универсальный жилой дом ...', 'Волгоградский государственный архитектурно-строительный университет\nВолгоградская обл., г. Волгоград\nКапитан:Сергеева Анастасия', '3.jpg'),
(6, 4, 'Разноцветные дни', 'Вологодский государственный университет Педагогический институт\nВологодская обл., г. Вологда\nКапитан:Лебедева Елена', '4.jpg'),
(8, 4, 'Клуб «Молоды душой»', 'Национальный исследовательский Мордовский государственный университет имени Н. П. Огарёва\nМордовская республика, г. Саранск\nКапитан:КочетковСергей', '6.jpg'),
(9, 4, 'Социальная акция «Урок жизни» ', 'Национальный исследовательский Мордовский государственный университет имени Н. П. Огарёва\nМордовская республика, г. Саранск\nКапитан:Гайдукова Алина', '7.jpg'),
(10, 4, 'Карта профессий', 'Российский государственный социальный университет\nг. Москва\nКапитан:Хомякова Татьяна', '8.jpg'),
(11, 4, 'Сделаем жизнь детей ярче!', 'Филиал ФГБОУ ВО “Омский государственный педагогический университет”в г. Таре\nОмская обл., г. Тара\nКапитан:Калинина Кристина', '9.jpg'),
(12, 4, 'IV Этнический фестиваль культур', 'Самарский государственный аэрокосмический университет им.С.П. Королева(национальный исследовательский университет)\nСамарская обл., г. Самара\nКапитан:Войцех Мария', '10.jpg'),
(13, 4, 'Письмо для друга', 'Санкт-Петербургский государственный университет промышленных технологийи дизайна\nг. Санкт-Петербург\nКапитан:Кудрина Валерия', '11.jpg'),
(14, 4, 'Прилетай во двор', 'Санкт-Петербургский государственный университет\nг. Санкт-Петербург\nКапитан:Бельгинина Елена', '12.jpg'),
(15, 4, 'Школа добровольцев ИТМО', 'Университет ИТМО\nг. Санкт-Петербург\nКапитан:Альтбрегина Екатерина', '13.jpg'),
(16, 4, 'Межрегиональный молод. форум', 'Тамбовский государственный университет имени Г. Р. Державина\nТамбовская обл., г. Тамбов\nКапитан:Полякова Дарья', '14.jpg'),
(17, 4, 'Велодруг', 'Пятигорский государственный лингвистический университет\nСтавропольский край, г. Пятигорск\nКапитан:Лутова Ксения', '15.jpg'),
(18, 4, 'Связь поколений', 'Тверской государственный университет\nТверская обл., г. Тверь\nКапитан:Бревдо Екатерина', '16.jpg'),
(19, 4, 'Школа вожатых-инструкт. «Горро»', 'Национальныйисследовательский Томский государственный университет\nТомская обл., г. Томск\nКапитан:Боронихина Елена', '17.jpg'),
(20, 4, 'Югра-территория ценностей', 'Сургутский государственный педагогический университет\nХанты-Мансийский АО, г. Сургут\nКапитан:Боева Мария', '18.jpg'),
(21, 3, 'Муратова Лилия', '2', 'no-user.png'),
(22, 3, 'Миннигалимова Алия', '2', 'no-user.png'),
(23, 3, 'Сергеева Анастасия', '3', 'no-user.png'),
(24, 3, 'Чепурная Татьяна', '3', 'no-user.png'),
(25, 3, 'Власов Вячеслав', '3', 'no-user.png'),
(26, 3, 'Лебедева Елена ', '4', 'no-user.png'),
(28, 3, 'Ордина Юлия', '4', 'no-user.png'),
(29, 3, 'Юртаев Константин', '6', 'no-user.png'),
(30, 3, 'Абросимова Ксения', '6', 'no-user.png'),
(31, 3, 'Гайдукова Алина', '7', 'no-user.png'),
(32, 3, 'Калинина Кристина', '9', 'no-user.png'),
(33, 3, 'Шишкин Павел', '9', 'no-user.png'),
(34, 3, 'Кузнецова Анна', '8', 'no-user.png'),
(35, 3, 'Перепелица Надежда', '8', 'no-user.png'),
(38, 3, 'Войцех Мария', '10', 'no-user.png'),
(39, 3, 'Орлова Светлана', '10', 'no-user.png'),
(40, 3, 'Назаренко Дарья', '11', 'no-user.png'),
(41, 3, 'Потёмкина Елена', '11', 'no-user.png'),
(42, 3, 'Пенькова Вера', '11', 'no-user.png'),
(43, 3, 'Милонова Анастасия', '11', 'no-user.png'),
(44, 3, ' Кудрина Валерия', '11', 'no-user.png'),
(45, 3, 'Бельгинина Елена', '12', 'no-user.png'),
(46, 3, 'Плотникова Александра', '12', 'no-user.png'),
(47, 3, 'Пурпурова Екатерина', '12', 'no-user.png'),
(48, 3, 'Альтбрегина Екатерина', '13', 'no-user.png'),
(49, 3, 'Петрова Анастасия', '13', 'no-user.png'),
(50, 3, 'Охотникова Мария', '15', 'no-user.png'),
(51, 3, 'Ганиев Евгений', '14', 'no-user.png'),
(52, 3, 'Попова Анастасия', '14', 'no-user.png'),
(53, 3, 'Полякова Дарья', '14', 'no-user.png'),
(54, 3, 'Шлыков Георгий', '14', 'no-user.png'),
(55, 3, 'Негрова Ирина', '14', 'no-user.png'),
(56, 3, 'Нана Мхсвилидзе', '16', 'no-user.png'),
(57, 3, 'Гуленко Ирина', '16', 'no-user.png'),
(58, 3, 'Боронихина Елена', '17', 'no-user.png'),
(59, 3, 'Шаблей Никита', '17', 'no-user.png'),
(60, 3, 'Титова Людмила', '18', 'no-user.png'),
(61, 3, 'Шостак Екатерина', '18', 'no-user.png'),
(62, 5, 'ИМБиП', 'выступают 1', 'ИМБИП.jpg'),
(63, 5, 'ФИТиП', 'выступают 2', 'ИТИП.jpg'),
(64, 5, 'ФТМиИ', 'выступают 3', 'ФТМИ.jpg'),
(65, 5, 'ЕНФ', 'выступают 4', 'ЕНФ.jpg'),
(66, 5, 'ФИОИ', 'выступают 5', 'ФИОИ.jpg'),
(67, 5, 'ФЛиСИ', 'выступают 6', 'ФЛИСИ.jpg'),
(68, 5, 'ФХКТиК', 'выступают 7', 'ФХКТК.jpg'),
(69, 5, 'ФПБИ', 'выступают 8', 'ФПБИ.jpg'),
(70, 5, 'МФКТУ', 'выступают 9', 'КТУ.jpg'),
(85, 7, 'Горячие штучки - трубочки', '', 'no-user.png'),
(86, 7, 'Грузинская пекарня - кексики', '', 'no-user.png'),
(87, 7, 'Сахарная вата', '', 'no-user.png'),
(88, 7, 'Алина - шарлотка с яблоками ', '', 'no-user.png'),
(89, 8, 'ЕНФ', '', 'ENF.jpg'),
(90, 8, 'ФЛИСИ', '', 'FLISI.jpg'),
(91, 8, 'ФИКТ', '', 'FIKT.jpg'),
(92, 8, 'ФХКТиК', '', 'FHKTK.jpg'),
(93, 8, 'ФИТиП', '', 'FITIP.jpg'),
(94, 8, 'МФКТиУ', '', 'MFKTU.jpg'),
(95, 8, 'ФФиОИ', '', 'FFOI.jpg'),
(96, 8, 'ИМБиП', '', 'IMBIP.jpg'),
(97, 8, 'ФТМиИ', '', 'FTMI.jpg'),
(98, 8, 'ФПБиИ', '', 'FPBI.jpg'),
(99, 9, 'Хасанбакиев Раиль ', 'Мистер ФХКТиК', '1-fhktk.jpg'),
(100, 9, 'Кудрявцев Дмитрий ', 'Мистер ПИиКТ', '2-fpiikt.jpg'),
(101, 9, 'Котов Семён ', 'Мистер ЕНФ', '3-enf.jpg'),
(102, 9, 'Зырин Денис ', 'Мистер ИМБиП', '4-imbip.jpg'),
(103, 9, 'Тарасенко Тарас', 'Мистер ФИТиП', '5-fitip.jpg'),
(104, 9, 'Новиков Алексей ', 'Мистер СУиР', '6-fsuir.jpg'),
(105, 9, 'Мельчаков Роман', 'Мистер ФПБиИ', '7-fpbii.jpg'),
(106, 9, 'Гудз Никита ', 'Мистер ФЛиСИ', '8-flisi.jpg'),
(107, 9, 'Морачев Даниил ', 'Мистер ФИКТ', '9-fikt.jpg'),
(108, 9, 'Гожальский Даниил ', 'Мистер ФФиОИ', '10-ffioi.jpg'),
(109, 9, 'Шехтман Патрик ', 'Мистер ФТМиИ', '12-ftmi.jpg'),
(110, 9, 'Ершов Евгений', 'Мистер ИБиКТ', '11-fibikt.jpg'),
(112, 10, 'Budget Jump To Europe (BJTE)', 'SPB State', 'new_RU_BJTE.jpg'),
(113, 10, 'Career-gaidence quest "The Faculty of Sociology"', 'SPB State SECOND +', 'new_RU_Quest%20Faculty%20of%20Sociology.jpg'),
(114, 10, 'Youth Camp YMCA volunteers in the Pushkin mountains', 'SPB State', 'new_RU_YMCA.jpg'),
(115, 10, 'Blackvist', 'SPB Pedagogical END 13+', 'RU_Blackvist.jpg'),
(116, 10, 'Cognition App', 'ITMO 5 +', 'RU_Cognition%20Ap.jpg'),
(117, 10, 'diaCompanion', 'LETI 1nd +', 'RU_diaCompanion.jpg'),
(118, 10, 'Education tour "The first time in a business class"', 'Tomsk 3d +', 'RU_Edu%20tour.jpg'),
(119, 10, 'Fly to the yard!', 'SPB State 11+', 'RU_Fly%20to%20the%20Yard.jpg'),
(120, 10, 'Language support site', 'Mordovia 4+', 'RU_Language.jpg'),
(121, 10, 'Limitless Fashion', 'SPB - Tech and Disign 6+ (5ый судья отошел)', 'RU_Limitess%20fashion.jpg'),
(122, 10, 'NoteWorthy Event (NWE)', 'ITMO 16+', 'RU_Noteworthy%20Event.jpg'),
(123, 10, 'SocHack', 'SPB State 7+', 'RU_SocHack.jpg'),
(124, 10, 'Student City', 'Tomsk end 8+', 'RU_Stud%20city.jpg'),
(125, 10, 'T&Pro', 'Pedagogical AFTER USA 12+', 'RU_TPro.jpg'),
(126, 10, 'Coworking space for elderly people "Vintage"', 'Petrozavodsl 9+', 'RU_Vintage.jpg'),
(127, 10, 'Hireride', 'India', 'India_Hireride.jpg'),
(128, 10, 'Q Youth Foundation', 'USA - UCLA NE BUDET', 'US_Q%20Youth%20Foundation.jpg'),
(129, 10, 'Awareness Film Festeval "Heal One World"', 'USA - UCLA 10 +', 'US_Heal%20One%20World.jpg'),
(130, 10, 'After School Care Program "Love4Life"', 'USA - UCLA 11 +', 'US_Love4Life.jpg'),
(131, 10, 'Page It Forward', 'USA - UCLA 14+', 'US_Page%20it%20Forward.jpg'),
(132, 10, 'Plants with a Purpose', 'USA - UClA 15+', 'US_Plants%20with%20a%20Purpose.jpg'),
(133, 10, 'Chance to Dream 2.0', 'RU 17+', 'no-user.png'),
(134, 6, 'George Blomgren', '', '1.jpg'),
(135, 6, 'Dino Bate', '', '2.jpg'),
(136, 6, 'Paula Dorell', '', '3.jpg'),
(137, 11, 'ТТ.Сборная Университета ИТМО', '', 'sbornayaitmo.jpg'),
(138, 11, '12 ноября', '', '12november.jpg'),
(139, 11, 'Поехали', '', 'poehali.png'),
(140, 11, 'Шакил Данил', '', 'shikal_daniil.jpg');

-- --------------------------------------------------------

--
-- Структура таблицы `Positions`
--

CREATE TABLE `Positions` (
  `id_event` int(18) NOT NULL,
  `id_stage` int(18) NOT NULL,
  `id_participant` int(18) NOT NULL,
  `position` int(18) NOT NULL
) ENGINE=InnoDB DEFAULT CHARSET=utf8;

--
-- Дамп данных таблицы `Positions`
--

INSERT INTO `Positions` (`id_event`, `id_stage`, `id_participant`, `position`) VALUES
(8, 8, 90, 1),
(8, 8, 98, 2),
(8, 8, 91, 3),
(8, 8, 96, 4),
(8, 8, 97, 5),
(8, 8, 89, 6),
(8, 8, 92, 7),
(8, 8, 94, 10),
(8, 8, 95, 8),
(8, 8, 93, 9),
(8, 10, 90, 2),
(8, 10, 98, 1),
(8, 10, 94, 3),
(8, 10, 96, 6),
(8, 10, 92, 4),
(8, 10, 93, 5),
(8, 10, 95, 7),
(8, 10, 97, 8),
(8, 10, 91, 9),
(8, 10, 89, 10),
(8, 11, 91, 2),
(8, 11, 89, 5),
(8, 11, 98, 1),
(8, 11, 90, 4),
(8, 11, 96, 6),
(8, 11, 95, 3),
(8, 11, 92, 7),
(8, 11, 93, 8),
(8, 11, 94, 9),
(8, 11, 97, 10),
(6, 6, 72, 1),
(6, 6, 71, 2),
(6, 9, 72, 1),
(6, 9, 71, 2),
(9, 12, 107, 1),
(9, 12, 103, 2),
(9, 12, 100, 5),
(9, 12, 101, 3),
(9, 12, 104, 4),
(9, 12, 108, 6),
(9, 12, 102, 8),
(9, 12, 99, 7),
(9, 12, 109, 9),
(9, 12, 106, 10),
(9, 12, 105, 11),
(9, 12, 110, 12),
(9, 13, 100, 2),
(9, 13, 101, 3),
(9, 13, 102, 4),
(9, 13, 104, 6),
(9, 13, 99, 1),
(9, 13, 103, 5),
(9, 13, 106, 8),
(9, 13, 105, 7),
(9, 13, 109, 12),
(9, 13, 108, 10),
(9, 13, 110, 11),
(9, 13, 107, 9),
(9, 14, 100, 6),
(9, 14, 99, 10),
(9, 14, 101, 12),
(9, 14, 102, 5),
(9, 14, 104, 3),
(9, 14, 103, 4),
(9, 14, 105, 11),
(9, 14, 106, 7),
(9, 14, 108, 1),
(9, 14, 107, 9),
(9, 14, 109, 2),
(9, 14, 110, 8);

-- --------------------------------------------------------

--
-- Структура таблицы `Scores`
--

CREATE TABLE `Scores` (
  `id_event` int(18) NOT NULL,
  `id_participant` int(18) NOT NULL,
  `id_stage` int(18) NOT NULL,
  `id_criteria` int(11) NOT NULL,
  `id_judge` int(18) NOT NULL,
  `score` float NOT NULL
) ENGINE=InnoDB DEFAULT CHARSET=utf8;

--
-- Дамп данных таблицы `Scores`
--

INSERT INTO `Scores` (`id_event`, `id_participant`, `id_stage`, `id_criteria`, `id_judge`, `score`) VALUES
(4, 4, 4, 9, 4, 2),
(4, 4, 4, 13, 5, 1),
(4, 6, 4, 5, 6, 0),
(4, 6, 4, 5, 7, 0),
(4, 6, 4, 6, 6, 1),
(4, 6, 4, 6, 7, 1),
(4, 6, 4, 5, 4, 0),
(4, 6, 4, 8, 7, 1),
(4, 4, 4, 11, 5, 2),
(4, 4, 4, 12, 5, 1),
(4, 6, 4, 8, 6, 1),
(4, 6, 4, 9, 7, 0),
(4, 6, 4, 7, 6, 0),
(4, 4, 4, 10, 5, 1),
(4, 6, 4, 9, 6, 0),
(4, 4, 4, 9, 5, 1),
(4, 6, 4, 10, 7, 2),
(4, 6, 4, 11, 7, 1),
(4, 6, 4, 10, 6, 2),
(4, 4, 4, 8, 5, 1),
(4, 6, 4, 6, 4, 1),
(4, 6, 4, 11, 6, 2),
(4, 6, 4, 12, 7, 1),
(4, 6, 4, 12, 6, 1),
(4, 6, 4, 13, 7, 0),
(4, 6, 4, 13, 6, 1),
(4, 6, 4, 7, 7, 0),
(4, 6, 4, 11, 4, 2),
(4, 6, 4, 12, 4, 1),
(4, 6, 4, 5, 8, 0),
(4, 6, 4, 13, 4, 1),
(4, 4, 4, 6, 5, 0),
(4, 6, 4, 6, 8, 2),
(4, 6, 4, 8, 8, 1),
(4, 6, 4, 9, 8, 0),
(4, 6, 4, 11, 8, 1),
(4, 6, 4, 12, 8, 1),
(4, 6, 4, 13, 8, 0),
(4, 4, 4, 7, 5, 1),
(4, 4, 4, 5, 5, 2),
(4, 6, 4, 7, 4, 1),
(4, 6, 4, 8, 4, 1),
(4, 6, 4, 9, 4, 0),
(4, 4, 4, 5, 2, 1),
(4, 6, 4, 10, 4, 2),
(4, 6, 4, 5, 0, 0),
(4, 6, 4, 7, 8, 0),
(4, 6, 4, 6, 0, 1),
(4, 6, 4, 7, 0, 1),
(4, 6, 4, 10, 8, 2),
(4, 4, 4, 6, 2, 1),
(4, 6, 4, 8, 0, 0),
(4, 6, 4, 9, 0, 1),
(4, 6, 4, 10, 0, 1),
(4, 6, 4, 11, 0, 1),
(4, 6, 4, 12, 0, 1),
(4, 4, 4, 7, 2, 0),
(4, 6, 4, 13, 0, 1),
(4, 18, 4, 5, 4, 2),
(4, 18, 4, 5, 7, 0),
(4, 18, 4, 6, 4, 2),
(4, 4, 4, 8, 2, 0),
(4, 4, 4, 9, 2, 1),
(4, 18, 4, 5, 6, 2),
(4, 4, 4, 10, 2, 2),
(4, 4, 4, 11, 2, 2),
(4, 18, 4, 6, 6, 2),
(4, 4, 4, 12, 2, 2),
(4, 18, 4, 5, 5, 1),
(4, 4, 4, 13, 2, 1),
(4, 18, 4, 6, 5, 1),
(4, 18, 4, 6, 8, 1),
(4, 18, 4, 5, 8, 0),
(4, 18, 4, 7, 8, 0),
(4, 18, 4, 13, 4, 1),
(4, 18, 4, 7, 6, 0),
(4, 18, 4, 11, 7, 2),
(4, 18, 4, 8, 8, 0),
(4, 18, 4, 8, 6, 0),
(4, 18, 4, 12, 7, 1),
(4, 18, 4, 9, 6, 0),
(4, 18, 4, 5, 0, 1),
(4, 18, 4, 10, 6, 2),
(4, 18, 4, 6, 0, 1),
(4, 18, 4, 11, 6, 2),
(4, 18, 4, 7, 0, 1),
(4, 18, 4, 12, 6, 1),
(4, 18, 4, 8, 0, 1),
(4, 18, 4, 13, 5, 1),
(4, 18, 4, 13, 7, 1),
(4, 18, 4, 13, 6, 1),
(4, 18, 4, 9, 0, 1),
(4, 18, 4, 12, 5, 2),
(4, 18, 4, 11, 5, 2),
(4, 18, 4, 10, 0, 3),
(4, 18, 4, 9, 8, 0),
(4, 18, 4, 11, 0, 2),
(4, 18, 4, 12, 0, 2),
(4, 18, 4, 13, 0, 2),
(4, 18, 4, 10, 8, 2),
(4, 18, 4, 11, 8, 1),
(4, 18, 4, 8, 4, 1),
(4, 18, 4, 12, 8, 2),
(4, 18, 4, 7, 4, 1),
(4, 18, 4, 13, 8, 0),
(4, 18, 4, 11, 4, 2),
(4, 18, 4, 12, 4, 1),
(4, 18, 4, 10, 5, 1),
(4, 18, 4, 9, 5, 1),
(4, 18, 4, 6, 7, 1),
(4, 18, 4, 9, 4, 0),
(4, 18, 4, 10, 4, 1),
(4, 18, 4, 10, 7, 1),
(4, 18, 4, 7, 5, 1),
(4, 18, 4, 8, 7, 0),
(4, 18, 4, 8, 5, 1),
(4, 18, 4, 9, 7, 0),
(4, 18, 4, 7, 7, 1),
(4, 18, 4, 5, 2, 1),
(4, 18, 4, 6, 2, 1),
(4, 18, 4, 7, 2, 0),
(4, 18, 4, 8, 2, 1),
(4, 18, 4, 9, 2, 0),
(4, 18, 4, 10, 2, 2),
(4, 18, 4, 11, 2, 1),
(4, 18, 4, 12, 2, 2),
(4, 18, 4, 13, 2, 2),
(4, 13, 4, 6, 4, 2),
(4, 13, 4, 6, 7, 1),
(4, 13, 4, 5, 6, 2),
(4, 13, 4, 5, 4, 2),
(4, 6, 4, 5, 2, 0),
(4, 6, 4, 6, 2, 1),
(4, 6, 4, 7, 2, 0),
(4, 6, 4, 8, 2, 1),
(4, 6, 4, 9, 2, 0),
(4, 6, 4, 10, 2, 2),
(4, 6, 4, 11, 2, 1),
(4, 6, 4, 12, 2, 2),
(4, 13, 4, 6, 6, 1),
(4, 6, 4, 13, 2, 1),
(4, 13, 4, 5, 5, 2),
(4, 13, 4, 6, 5, 2),
(4, 13, 4, 8, 4, 2),
(4, 13, 4, 8, 7, 1),
(4, 13, 4, 11, 4, 1),
(4, 13, 4, 12, 4, 2),
(4, 13, 4, 13, 4, 1),
(4, 13, 4, 5, 3, 1),
(4, 13, 4, 5, 7, 2),
(4, 13, 4, 10, 5, 3),
(4, 13, 4, 6, 3, 1),
(4, 13, 4, 7, 3, 1),
(4, 13, 4, 8, 3, 0),
(4, 13, 4, 5, 8, 0),
(4, 13, 4, 12, 5, 2),
(4, 13, 4, 9, 3, 1),
(4, 13, 4, 13, 5, 2),
(4, 13, 4, 10, 3, 2),
(4, 13, 4, 7, 6, 0),
(4, 13, 4, 11, 5, 2),
(4, 13, 4, 11, 3, 1),
(4, 13, 4, 8, 6, 0),
(4, 13, 4, 12, 3, 1),
(4, 13, 4, 13, 3, 1),
(4, 13, 4, 9, 6, 0),
(4, 13, 4, 12, 7, 2),
(4, 13, 4, 10, 6, 1),
(4, 13, 4, 6, 8, 1),
(4, 13, 4, 13, 7, 1),
(4, 13, 4, 11, 7, 1),
(4, 13, 4, 10, 4, 3),
(4, 13, 4, 11, 6, 1),
(4, 13, 4, 12, 6, 1),
(4, 13, 4, 13, 6, 1),
(4, 13, 4, 7, 7, 1),
(4, 13, 4, 7, 4, 0),
(4, 13, 4, 9, 5, 1),
(4, 13, 4, 7, 5, 1),
(4, 13, 4, 7, 8, 0),
(4, 13, 4, 8, 5, 1),
(4, 13, 4, 8, 8, 1),
(4, 13, 4, 9, 8, 0),
(4, 13, 4, 9, 4, 1),
(4, 13, 4, 10, 8, 2),
(4, 13, 4, 9, 7, 1),
(4, 13, 4, 10, 7, 1),
(4, 13, 4, 11, 8, 1),
(4, 13, 4, 12, 8, 2),
(4, 13, 4, 13, 8, 0),
(4, 10, 4, 5, 6, 2),
(4, 10, 4, 5, 4, 2),
(4, 10, 4, 6, 6, 1),
(4, 10, 4, 13, 4, 2),
(4, 10, 4, 12, 4, 2),
(4, 10, 4, 11, 4, 2),
(4, 10, 4, 6, 4, 1),
(4, 10, 4, 5, 3, 1),
(4, 10, 4, 5, 7, 1),
(4, 10, 4, 8, 4, 2),
(4, 10, 4, 6, 3, 1),
(4, 10, 4, 7, 3, 2),
(4, 10, 4, 12, 7, 2),
(4, 10, 4, 5, 5, 1),
(4, 10, 4, 13, 7, 2),
(4, 10, 4, 9, 3, 1),
(4, 10, 4, 10, 3, 2),
(4, 10, 4, 11, 3, 2),
(4, 10, 4, 12, 3, 2),
(4, 10, 4, 6, 5, 1),
(4, 10, 4, 13, 3, 2),
(4, 10, 4, 7, 5, 2),
(4, 10, 4, 7, 6, 2),
(4, 10, 4, 8, 5, 2),
(4, 10, 4, 8, 6, 2),
(4, 10, 4, 8, 7, 2),
(4, 10, 4, 9, 5, 1),
(4, 10, 4, 5, 8, 2),
(4, 10, 4, 6, 7, 2),
(4, 10, 4, 9, 6, 1),
(4, 10, 4, 7, 7, 1),
(4, 10, 4, 11, 6, 2),
(4, 10, 4, 12, 6, 2),
(4, 10, 4, 13, 6, 2),
(4, 10, 4, 6, 8, 2),
(4, 10, 4, 13, 5, 2),
(4, 10, 4, 12, 5, 2),
(4, 10, 4, 11, 5, 2),
(4, 10, 4, 10, 5, 3),
(4, 10, 4, 10, 7, 1),
(4, 10, 4, 7, 8, 0),
(4, 10, 4, 8, 8, 1),
(4, 10, 4, 7, 4, 1),
(3, 33, 3, 1, 1, 0),
(4, 10, 4, 9, 8, 0),
(3, 33, 3, 2, 1, 1),
(3, 33, 3, 3, 1, 1),
(4, 10, 4, 10, 8, 4),
(3, 33, 3, 4, 1, 1),
(4, 10, 4, 10, 4, 2),
(4, 10, 4, 10, 6, 3),
(4, 10, 4, 11, 8, 2),
(4, 10, 4, 12, 8, 2),
(4, 10, 4, 9, 4, 1),
(4, 10, 4, 13, 8, 2),
(4, 13, 4, 5, 2, 1),
(4, 13, 4, 6, 2, 1),
(4, 13, 4, 7, 2, 0),
(4, 10, 4, 9, 7, 1),
(4, 13, 4, 8, 2, 1),
(4, 13, 4, 9, 2, 1),
(4, 13, 4, 10, 2, 1),
(4, 13, 4, 11, 2, 1),
(4, 13, 4, 12, 2, 1),
(4, 13, 4, 13, 2, 1),
(4, 10, 4, 5, 2, 1),
(4, 10, 4, 6, 2, 1),
(4, 10, 4, 7, 2, 0),
(4, 10, 4, 8, 2, 2),
(4, 10, 4, 9, 2, 1),
(4, 10, 4, 10, 2, 1),
(4, 10, 4, 11, 2, 1),
(4, 10, 4, 12, 2, 1),
(4, 10, 4, 13, 2, 1),
(4, 8, 4, 6, 4, 1),
(4, 8, 4, 5, 7, 2),
(4, 8, 4, 11, 7, 2),
(4, 8, 4, 5, 3, 1),
(4, 8, 4, 6, 7, 2),
(4, 8, 4, 6, 3, 1),
(4, 8, 4, 8, 4, 2),
(4, 8, 4, 5, 8, 2),
(4, 8, 4, 5, 6, 2),
(4, 8, 4, 7, 3, 1),
(4, 8, 4, 8, 3, 1),
(4, 8, 4, 6, 6, 2),
(4, 8, 4, 13, 3, 1),
(4, 8, 4, 6, 8, 2),
(4, 8, 4, 12, 3, 1),
(4, 8, 4, 11, 4, 1),
(4, 8, 4, 11, 3, 1),
(4, 8, 4, 12, 4, 2),
(4, 8, 4, 13, 4, 1),
(4, 8, 4, 10, 3, 2),
(4, 8, 4, 9, 3, 1),
(4, 8, 4, 9, 4, 2),
(4, 8, 4, 8, 8, 2),
(4, 8, 4, 12, 5, 1),
(4, 8, 4, 9, 6, 2),
(4, 8, 4, 11, 5, 2),
(4, 8, 4, 5, 4, 1),
(4, 8, 4, 13, 5, 1),
(4, 8, 4, 11, 8, 2),
(4, 8, 4, 12, 8, 2),
(4, 8, 4, 9, 5, 1),
(4, 8, 4, 13, 8, 2),
(4, 8, 4, 10, 4, 3),
(4, 8, 4, 7, 6, 0),
(4, 8, 4, 8, 6, 0),
(4, 8, 4, 10, 6, 2),
(4, 8, 4, 9, 8, 0),
(4, 8, 4, 11, 6, 1),
(4, 8, 4, 7, 8, 0),
(4, 8, 4, 12, 6, 1),
(4, 8, 4, 13, 6, 1),
(4, 8, 4, 7, 5, 1),
(4, 8, 4, 6, 5, 1),
(4, 8, 4, 10, 8, 4),
(4, 8, 4, 5, 5, 1),
(4, 8, 4, 7, 4, 1),
(4, 8, 4, 10, 5, 1),
(3, 50, 3, 4, 1, 0),
(4, 8, 4, 8, 5, 1),
(3, 50, 3, 3, 1, 1),
(3, 50, 3, 2, 1, 1),
(4, 8, 4, 8, 7, 1),
(3, 50, 3, 1, 1, 1),
(4, 8, 4, 12, 7, 2),
(4, 8, 4, 13, 7, 2),
(4, 8, 4, 10, 7, 4),
(4, 8, 4, 9, 7, 1),
(4, 8, 4, 7, 7, 1),
(4, 8, 4, 5, 2, 1),
(4, 8, 4, 6, 2, 1),
(4, 8, 4, 7, 2, 0),
(4, 8, 4, 8, 2, 0),
(4, 8, 4, 9, 2, 0),
(4, 8, 4, 10, 2, 1),
(4, 8, 4, 11, 2, 1),
(4, 8, 4, 12, 2, 1),
(4, 8, 4, 13, 2, 1),
(4, 5, 4, 5, 4, 2),
(4, 5, 4, 5, 6, 2),
(4, 5, 4, 6, 4, 2),
(4, 5, 4, 6, 6, 2),
(4, 5, 4, 5, 7, 2),
(4, 5, 4, 11, 7, 2),
(4, 5, 4, 12, 4, 2),
(4, 5, 4, 13, 4, 2),
(4, 5, 4, 11, 4, 2),
(3, 32, 3, 1, 1, 1),
(4, 5, 4, 10, 5, 3),
(4, 5, 4, 11, 5, 2),
(4, 5, 4, 12, 5, 2),
(4, 5, 4, 13, 5, 2),
(4, 5, 4, 8, 7, 1),
(4, 5, 4, 9, 5, 1),
(4, 5, 4, 8, 5, 2),
(4, 5, 4, 7, 5, 1),
(4, 5, 4, 6, 5, 2),
(4, 5, 4, 5, 5, 1),
(4, 5, 4, 9, 4, 0),
(4, 5, 4, 5, 3, 1),
(4, 5, 4, 6, 7, 2),
(4, 5, 4, 6, 3, 2),
(4, 5, 4, 7, 3, 2),
(4, 5, 4, 8, 3, 1),
(4, 5, 4, 5, 8, 1),
(4, 5, 4, 9, 3, 1),
(4, 5, 4, 6, 8, 0),
(4, 5, 4, 10, 3, 2),
(4, 5, 4, 11, 3, 2),
(4, 5, 4, 12, 3, 2),
(4, 5, 4, 13, 3, 2),
(4, 5, 4, 7, 6, 1),
(4, 5, 4, 8, 4, 1),
(4, 5, 4, 10, 7, 2),
(4, 5, 4, 10, 4, 2),
(4, 5, 4, 8, 6, 1),
(4, 5, 4, 13, 7, 2),
(3, 32, 3, 2, 1, 1),
(4, 5, 4, 12, 7, 2),
(3, 32, 3, 3, 1, 1),
(4, 5, 4, 9, 6, 0),
(3, 32, 3, 4, 1, 1),
(4, 5, 4, 9, 7, 1),
(4, 5, 4, 7, 7, 0),
(4, 5, 4, 10, 6, 1),
(4, 5, 4, 11, 6, 1),
(4, 5, 4, 7, 8, 0),
(4, 5, 4, 8, 8, 1),
(4, 5, 4, 9, 8, 0),
(4, 5, 4, 12, 6, 1),
(4, 5, 4, 13, 6, 1),
(4, 5, 4, 11, 8, 2),
(4, 5, 4, 12, 8, 1),
(4, 5, 4, 13, 8, 2),
(4, 5, 4, 7, 4, 0),
(4, 5, 4, 10, 8, 2),
(4, 5, 4, 5, 2, 1),
(4, 5, 4, 6, 2, 1),
(4, 5, 4, 7, 2, 1),
(4, 5, 4, 8, 2, 2),
(4, 20, 4, 5, 4, 2),
(4, 20, 4, 6, 6, 2),
(4, 20, 4, 5, 7, 0),
(4, 5, 4, 9, 2, 1),
(4, 20, 4, 11, 4, 1),
(4, 20, 4, 11, 7, 1),
(4, 5, 4, 10, 2, 2),
(4, 20, 4, 13, 4, 1),
(4, 5, 4, 11, 2, 2),
(4, 20, 4, 5, 6, 2),
(4, 5, 4, 12, 2, 2),
(4, 5, 4, 13, 2, 2),
(4, 20, 4, 5, 3, 1),
(4, 20, 4, 6, 4, 1),
(4, 20, 4, 6, 3, 1),
(4, 20, 4, 7, 3, 1),
(4, 20, 4, 7, 4, 1),
(4, 20, 4, 7, 7, 1),
(4, 20, 4, 6, 7, 2),
(4, 20, 4, 8, 3, 1),
(4, 20, 4, 9, 3, 1),
(4, 20, 4, 10, 3, 3),
(4, 20, 4, 11, 3, 1),
(4, 20, 4, 12, 3, 1),
(4, 20, 4, 7, 6, 0),
(4, 20, 4, 5, 8, 0),
(4, 20, 4, 5, 5, 1),
(4, 20, 4, 8, 6, 0),
(4, 20, 4, 9, 6, 0),
(4, 20, 4, 6, 8, 1),
(4, 20, 4, 6, 5, 0),
(4, 20, 4, 10, 6, 1),
(4, 20, 4, 7, 5, 0),
(4, 20, 4, 7, 8, 0),
(4, 20, 4, 11, 6, 1),
(4, 20, 4, 8, 8, 0),
(4, 20, 4, 9, 8, 0),
(4, 20, 4, 12, 6, 1),
(4, 20, 4, 13, 6, 1),
(4, 20, 4, 11, 8, 1),
(4, 20, 4, 12, 8, 1),
(4, 20, 4, 8, 5, 0),
(4, 20, 4, 13, 7, 1),
(4, 20, 4, 13, 8, 0),
(3, 49, 3, 2, 1, 1),
(4, 20, 4, 12, 7, 1),
(4, 20, 4, 9, 4, 1),
(4, 20, 4, 9, 5, 1),
(4, 20, 4, 10, 4, 2),
(4, 20, 4, 12, 4, 1),
(3, 49, 3, 3, 1, 1),
(4, 20, 4, 10, 7, 2),
(4, 20, 4, 9, 7, 1),
(3, 49, 3, 4, 1, 1),
(3, 49, 3, 1, 1, 1),
(4, 20, 4, 10, 5, 1),
(4, 20, 4, 11, 5, 1),
(4, 20, 4, 10, 8, 2),
(4, 20, 4, 12, 5, 1),
(4, 20, 4, 13, 5, 1),
(4, 20, 4, 8, 7, 0),
(4, 20, 4, 8, 4, 1),
(4, 20, 4, 5, 2, 1),
(4, 20, 4, 6, 2, 1),
(4, 12, 4, 5, 4, 2),
(4, 20, 4, 7, 2, 1),
(4, 20, 4, 8, 2, 0),
(4, 20, 4, 9, 2, 0),
(4, 20, 4, 10, 2, 2),
(4, 20, 4, 11, 2, 1),
(4, 20, 4, 12, 2, 2),
(4, 20, 4, 13, 2, 2),
(4, 12, 4, 11, 7, 1),
(3, 21, 3, 1, 1, 0),
(3, 21, 3, 2, 1, 1),
(4, 12, 4, 6, 4, 1),
(3, 21, 3, 3, 1, 0),
(3, 21, 3, 4, 1, 0),
(4, 12, 4, 11, 4, 1),
(4, 12, 4, 12, 4, 2),
(4, 12, 4, 13, 4, 1),
(4, 12, 4, 5, 6, 2),
(4, 12, 4, 5, 3, 1),
(4, 12, 4, 6, 6, 1),
(4, 12, 4, 6, 3, 1),
(4, 12, 4, 5, 5, 1),
(4, 12, 4, 7, 3, 1),
(4, 12, 4, 6, 5, 2),
(4, 12, 4, 8, 3, 1),
(4, 12, 4, 9, 3, 1),
(4, 12, 4, 9, 5, 1),
(4, 12, 4, 10, 3, 2),
(4, 12, 4, 11, 3, 1),
(4, 12, 4, 12, 3, 1),
(4, 12, 4, 11, 5, 1),
(4, 12, 4, 13, 3, 1),
(4, 12, 4, 12, 5, 1),
(4, 12, 4, 13, 5, 1),
(4, 12, 4, 5, 8, 1),
(4, 12, 4, 5, 7, 1),
(4, 12, 4, 6, 8, 0),
(4, 12, 4, 7, 8, 0),
(4, 12, 4, 8, 8, 1),
(4, 12, 4, 6, 7, 2),
(4, 12, 4, 9, 8, 0),
(4, 12, 4, 10, 8, 2),
(4, 12, 4, 11, 8, 1),
(4, 12, 4, 12, 8, 1),
(4, 12, 4, 13, 8, 0),
(4, 6, 4, 6, 5, 1),
(3, 22, 3, 2, 1, 0),
(3, 22, 3, 1, 1, 1),
(4, 12, 4, 8, 7, 1),
(4, 12, 4, 7, 6, 0),
(4, 12, 4, 8, 5, 1),
(4, 12, 4, 7, 5, 2),
(4, 12, 4, 8, 6, 1),
(4, 12, 4, 7, 7, 1),
(4, 12, 4, 12, 7, 2),
(4, 12, 4, 13, 7, 2),
(4, 12, 4, 10, 5, 2),
(4, 12, 4, 9, 6, 0),
(4, 12, 4, 7, 4, 1),
(4, 12, 4, 10, 6, 2),
(4, 12, 4, 11, 6, 1),
(4, 12, 4, 8, 4, 1),
(4, 12, 4, 9, 4, 2),
(4, 12, 4, 12, 6, 1),
(4, 12, 4, 13, 6, 1),
(4, 12, 4, 10, 4, 2),
(4, 12, 4, 10, 7, 2),
(4, 12, 4, 9, 7, 1),
(4, 12, 4, 5, 2, 1),
(4, 12, 4, 6, 2, 1),
(4, 12, 4, 7, 2, 0),
(4, 12, 4, 8, 2, 2),
(4, 12, 4, 9, 2, 1),
(4, 12, 4, 10, 2, 2),
(4, 12, 4, 11, 2, 2),
(4, 12, 4, 12, 2, 2),
(4, 12, 4, 13, 2, 0),
(3, 22, 3, 4, 1, 0),
(3, 22, 3, 3, 1, 1),
(4, 14, 4, 5, 4, 2),
(4, 14, 4, 5, 8, 2),
(4, 14, 4, 11, 7, 2),
(4, 14, 4, 6, 8, 1),
(4, 14, 4, 7, 8, 2),
(4, 14, 4, 5, 6, 2),
(4, 14, 4, 5, 7, 2),
(4, 14, 4, 5, 3, 2),
(4, 14, 4, 6, 3, 2),
(4, 14, 4, 7, 3, 1),
(4, 14, 4, 6, 6, 1),
(4, 14, 4, 8, 3, 2),
(4, 14, 4, 8, 8, 2),
(4, 14, 4, 11, 5, 2),
(4, 14, 4, 8, 4, 2),
(4, 14, 4, 13, 5, 2),
(4, 14, 4, 8, 7, 2),
(4, 14, 4, 9, 3, 1),
(4, 14, 4, 12, 5, 2),
(4, 14, 4, 10, 8, 4),
(4, 14, 4, 10, 3, 3),
(4, 14, 4, 8, 6, 2),
(4, 14, 4, 11, 3, 2),
(4, 14, 4, 11, 8, 2),
(4, 14, 4, 12, 3, 2),
(4, 14, 4, 12, 8, 2),
(4, 14, 4, 13, 3, 2),
(4, 14, 4, 13, 8, 2),
(4, 14, 4, 6, 5, 2),
(4, 14, 4, 5, 5, 1),
(4, 14, 4, 13, 4, 1),
(4, 14, 4, 12, 4, 2),
(4, 14, 4, 11, 4, 1),
(4, 14, 4, 9, 8, 2),
(4, 14, 4, 9, 6, 0),
(4, 14, 4, 5, 2, 1),
(4, 14, 4, 10, 5, 3),
(4, 14, 4, 9, 5, 1),
(4, 14, 4, 7, 6, 0),
(4, 14, 4, 10, 6, 2),
(4, 14, 4, 11, 6, 2),
(4, 14, 4, 12, 6, 2),
(4, 14, 4, 13, 6, 1),
(4, 14, 4, 6, 4, 2),
(4, 14, 4, 12, 7, 2),
(4, 14, 4, 13, 7, 2),
(4, 14, 4, 7, 4, 1),
(4, 14, 4, 10, 7, 3),
(4, 14, 4, 9, 4, 2),
(4, 14, 4, 10, 4, 2),
(4, 14, 4, 6, 7, 2),
(4, 14, 4, 7, 7, 1),
(4, 14, 4, 9, 7, 2),
(4, 14, 4, 6, 2, 1),
(4, 14, 4, 7, 5, 1),
(4, 14, 4, 8, 5, 1),
(3, 24, 3, 1, 1, 0),
(4, 14, 4, 7, 2, 0),
(4, 14, 4, 8, 2, 1),
(4, 15, 4, 5, 4, 2),
(3, 24, 3, 2, 1, 1),
(3, 24, 3, 3, 1, 1),
(3, 24, 3, 4, 1, 0),
(4, 14, 4, 9, 2, 0),
(4, 15, 4, 5, 8, 2),
(4, 15, 4, 5, 3, 1),
(4, 15, 4, 6, 4, 1),
(4, 15, 4, 5, 6, 2),
(4, 14, 4, 10, 2, 1),
(4, 15, 4, 6, 3, 1),
(4, 14, 4, 11, 2, 1),
(4, 15, 4, 7, 3, 2),
(4, 14, 4, 12, 2, 2),
(4, 15, 4, 9, 4, 1),
(4, 14, 4, 13, 2, 1),
(4, 15, 4, 8, 3, 2),
(4, 15, 4, 9, 3, 1),
(4, 15, 4, 10, 3, 3),
(4, 15, 4, 5, 7, 1),
(4, 15, 4, 11, 3, 1),
(4, 15, 4, 12, 3, 2),
(4, 15, 4, 13, 3, 2),
(4, 15, 4, 8, 6, 2),
(4, 15, 4, 8, 4, 2),
(4, 15, 4, 8, 8, 1),
(4, 15, 4, 6, 8, 2),
(4, 15, 4, 6, 6, 1),
(4, 15, 4, 11, 4, 1),
(4, 15, 4, 12, 4, 2),
(4, 15, 4, 13, 4, 1),
(4, 15, 4, 10, 8, 3),
(4, 15, 4, 11, 8, 2),
(4, 15, 4, 10, 6, 3),
(4, 15, 4, 11, 6, 2),
(4, 15, 4, 12, 8, 2),
(4, 15, 4, 13, 8, 1),
(4, 15, 4, 7, 5, 1),
(4, 15, 4, 12, 6, 2),
(4, 15, 4, 8, 5, 2),
(4, 15, 4, 6, 5, 2),
(4, 15, 4, 7, 8, 0),
(4, 15, 4, 13, 6, 1),
(4, 15, 4, 5, 5, 2),
(4, 15, 4, 9, 8, 1),
(4, 15, 4, 10, 5, 3),
(4, 15, 4, 11, 5, 2),
(4, 15, 4, 12, 5, 2),
(4, 15, 4, 13, 5, 2),
(4, 15, 4, 9, 5, 1),
(4, 15, 4, 6, 7, 1),
(4, 15, 4, 8, 7, 1),
(4, 15, 4, 9, 7, 1),
(4, 15, 4, 11, 7, 1),
(4, 15, 4, 12, 7, 1),
(4, 15, 4, 13, 7, 1),
(4, 15, 4, 7, 4, 1),
(4, 15, 4, 7, 7, 1),
(4, 15, 4, 10, 4, 3),
(4, 15, 4, 10, 7, 3),
(3, 26, 3, 1, 1, 0),
(3, 26, 3, 2, 1, 1),
(3, 26, 3, 3, 1, 1),
(3, 26, 3, 4, 1, 1),
(4, 15, 4, 7, 6, 2),
(4, 15, 4, 9, 6, 1),
(4, 15, 4, 5, 2, 1),
(4, 15, 4, 6, 2, 2),
(4, 15, 4, 7, 2, 1),
(4, 19, 4, 5, 7, 1),
(4, 15, 4, 8, 2, 1),
(4, 19, 4, 5, 8, 0),
(4, 15, 4, 9, 2, 1),
(4, 19, 4, 5, 3, 1),
(4, 19, 4, 6, 3, 2),
(4, 15, 4, 10, 2, 2),
(4, 15, 4, 11, 2, 2),
(4, 19, 4, 7, 3, 1),
(4, 15, 4, 12, 2, 2),
(4, 19, 4, 5, 4, 2),
(4, 15, 4, 13, 2, 1),
(4, 19, 4, 5, 6, 2),
(4, 19, 4, 12, 7, 2),
(4, 19, 4, 6, 4, 2),
(4, 19, 4, 13, 3, 2),
(4, 19, 4, 12, 3, 2),
(4, 19, 4, 11, 3, 2),
(4, 19, 4, 8, 4, 1),
(4, 19, 4, 8, 6, 2),
(4, 19, 4, 10, 3, 2),
(4, 19, 4, 8, 8, 2),
(4, 19, 4, 11, 7, 1),
(4, 19, 4, 13, 7, 2),
(4, 19, 4, 9, 3, 1),
(4, 19, 4, 8, 3, 1),
(4, 19, 4, 6, 6, 2),
(4, 19, 4, 9, 8, 2),
(4, 19, 4, 6, 7, 2),
(4, 19, 4, 7, 4, 0),
(4, 19, 4, 10, 8, 3),
(4, 19, 4, 11, 8, 1),
(4, 19, 4, 12, 8, 2),
(4, 19, 4, 13, 8, 0),
(4, 19, 4, 12, 4, 1),
(4, 19, 4, 13, 4, 1),
(4, 19, 4, 11, 4, 2),
(3, 23, 3, 1, 1, 1),
(4, 19, 4, 10, 4, 2),
(3, 23, 3, 4, 1, 1),
(3, 23, 3, 3, 1, 0),
(4, 19, 4, 10, 7, 3),
(4, 19, 4, 7, 6, 0),
(4, 19, 4, 9, 4, 1),
(3, 23, 3, 2, 1, 1),
(4, 19, 4, 6, 8, 2),
(4, 19, 4, 7, 8, 0),
(4, 19, 4, 9, 6, 0),
(4, 19, 4, 10, 6, 2),
(4, 19, 4, 11, 6, 2),
(4, 19, 4, 7, 7, 0),
(4, 19, 4, 12, 6, 1),
(4, 19, 4, 8, 7, 2),
(4, 19, 4, 13, 6, 1),
(4, 19, 4, 9, 7, 1),
(4, 19, 4, 5, 5, 1),
(4, 19, 4, 6, 5, 1),
(4, 19, 4, 7, 5, 1),
(4, 19, 4, 8, 5, 2),
(4, 19, 4, 9, 5, 1),
(4, 19, 4, 10, 5, 2),
(4, 19, 4, 5, 2, 1),
(4, 19, 4, 11, 5, 2),
(4, 19, 4, 12, 5, 2),
(4, 19, 4, 13, 5, 1),
(4, 19, 4, 6, 2, 1),
(4, 11, 4, 5, 3, 1),
(4, 11, 4, 5, 7, 2),
(4, 11, 4, 6, 3, 2),
(4, 11, 4, 5, 4, 2),
(4, 19, 4, 7, 2, 0),
(4, 11, 4, 7, 3, 2),
(4, 11, 4, 8, 7, 1),
(4, 19, 4, 8, 2, 1),
(4, 11, 4, 8, 3, 1),
(4, 11, 4, 5, 8, 2),
(4, 11, 4, 5, 6, 0),
(4, 11, 4, 11, 7, 1),
(4, 11, 4, 9, 3, 2),
(4, 19, 4, 9, 2, 1),
(4, 11, 4, 8, 8, 1),
(4, 11, 4, 10, 3, 3),
(4, 19, 4, 10, 2, 1),
(4, 11, 4, 8, 4, 1),
(4, 11, 4, 6, 6, 2),
(4, 11, 4, 11, 3, 1),
(4, 19, 4, 11, 2, 2),
(4, 11, 4, 12, 3, 2),
(4, 11, 4, 13, 3, 2),
(4, 19, 4, 12, 2, 1),
(4, 19, 4, 13, 2, 1),
(4, 11, 4, 11, 8, 1),
(4, 11, 4, 6, 4, 2),
(4, 11, 4, 8, 6, 1),
(4, 11, 4, 12, 8, 2),
(4, 11, 4, 13, 8, 2),
(4, 11, 4, 6, 7, 2),
(4, 11, 4, 6, 8, 2),
(4, 11, 4, 11, 6, 1),
(4, 11, 4, 12, 6, 1),
(4, 11, 4, 13, 6, 1),
(4, 11, 4, 13, 4, 1),
(4, 11, 4, 5, 5, 1),
(4, 11, 4, 12, 4, 2),
(4, 11, 4, 10, 4, 1),
(4, 11, 4, 11, 4, 1),
(4, 11, 4, 6, 5, 1),
(4, 11, 4, 10, 8, 2),
(4, 11, 4, 7, 5, 2),
(4, 11, 4, 8, 5, 1),
(4, 11, 4, 9, 5, 1),
(4, 11, 4, 10, 5, 2),
(4, 11, 4, 11, 5, 2),
(4, 11, 4, 12, 5, 1),
(3, 46, 3, 4, 1, 1),
(4, 11, 4, 13, 5, 1),
(3, 46, 3, 3, 1, 1),
(3, 46, 3, 2, 1, 1),
(3, 46, 3, 1, 1, 1),
(4, 11, 4, 7, 8, 2),
(4, 11, 4, 9, 8, 2),
(4, 11, 4, 7, 4, 0),
(4, 11, 4, 9, 4, 0),
(4, 11, 4, 9, 6, 0),
(4, 11, 4, 10, 6, 1),
(4, 11, 4, 7, 6, 0),
(4, 11, 4, 5, 2, 1),
(4, 11, 4, 6, 2, 2),
(4, 11, 4, 7, 2, 0),
(4, 11, 4, 8, 2, 1),
(4, 11, 4, 9, 7, 1),
(4, 11, 4, 9, 2, 0),
(4, 11, 4, 10, 7, 2),
(4, 11, 4, 10, 2, 2),
(4, 11, 4, 13, 7, 1),
(4, 11, 4, 11, 2, 1),
(4, 11, 4, 12, 7, 2),
(4, 11, 4, 12, 2, 1),
(4, 11, 4, 7, 7, 1),
(4, 11, 4, 13, 2, 1),
(3, 45, 3, 4, 1, 0),
(3, 45, 3, 3, 1, 1),
(3, 45, 3, 2, 1, 1),
(3, 45, 3, 1, 1, 1),
(3, 28, 3, 3, 1, 0),
(3, 28, 3, 1, 1, 1),
(3, 28, 3, 4, 1, 0),
(3, 28, 3, 2, 1, 1),
(4, 16, 4, 8, 4, 1),
(3, 59, 3, 1, 1, 0),
(3, 59, 3, 2, 1, 0),
(3, 59, 3, 3, 1, 1),
(3, 59, 3, 4, 1, 0),
(4, 16, 4, 13, 3, 2),
(4, 16, 4, 12, 3, 2),
(4, 16, 4, 11, 3, 2),
(4, 16, 4, 10, 3, 3),
(4, 16, 4, 5, 7, 2),
(4, 16, 4, 9, 3, 1),
(4, 16, 4, 8, 3, 2),
(4, 16, 4, 7, 3, 2),
(4, 16, 4, 6, 3, 1),
(4, 16, 4, 6, 7, 1),
(4, 16, 4, 5, 3, 2),
(4, 16, 4, 5, 8, 2),
(4, 16, 4, 5, 4, 0),
(4, 16, 4, 6, 8, 1),
(4, 16, 4, 7, 8, 0),
(4, 16, 4, 6, 4, 1),
(4, 16, 4, 8, 8, 0),
(4, 16, 4, 9, 8, 0),
(4, 16, 4, 8, 7, 1),
(4, 16, 4, 11, 7, 1),
(4, 16, 4, 10, 8, 2),
(4, 16, 4, 11, 8, 1),
(4, 16, 4, 12, 4, 1),
(4, 16, 4, 12, 8, 2),
(4, 16, 4, 13, 7, 1),
(4, 16, 4, 12, 7, 1),
(4, 16, 4, 13, 8, 0),
(4, 16, 4, 11, 4, 1),
(4, 16, 4, 13, 4, 1),
(4, 16, 4, 7, 7, 0),
(4, 16, 4, 7, 4, 0),
(4, 16, 4, 5, 6, 0),
(4, 16, 4, 9, 7, 1),
(4, 16, 4, 6, 6, 0),
(4, 16, 4, 7, 6, 0),
(4, 16, 4, 8, 6, 0),
(4, 16, 4, 5, 5, 1),
(4, 16, 4, 9, 6, 0),
(4, 16, 4, 6, 5, 1),
(4, 16, 4, 10, 6, 0),
(4, 16, 4, 11, 6, 0),
(4, 16, 4, 7, 5, 2),
(4, 16, 4, 12, 6, 0),
(4, 16, 4, 13, 6, 0),
(4, 16, 4, 8, 5, 2),
(4, 16, 4, 9, 5, 0),
(4, 16, 4, 10, 5, 2),
(4, 16, 4, 11, 5, 1),
(4, 16, 4, 12, 5, 1),
(4, 16, 4, 13, 5, 1),
(4, 16, 4, 9, 4, 0),
(4, 16, 4, 10, 4, 1),
(4, 16, 4, 10, 7, 1),
(4, 16, 4, 5, 2, 1),
(4, 16, 4, 6, 2, 0),
(4, 16, 4, 7, 2, 1),
(4, 16, 4, 8, 2, 1),
(4, 9, 4, 11, 7, 2),
(4, 9, 4, 5, 4, 2),
(4, 9, 4, 11, 4, 2),
(4, 9, 4, 11, 5, 2),
(4, 9, 4, 5, 7, 1),
(4, 9, 4, 5, 6, 2),
(4, 9, 4, 5, 8, 2),
(4, 9, 4, 6, 8, 1),
(4, 9, 4, 6, 6, 1),
(4, 9, 4, 7, 8, 1),
(4, 9, 4, 8, 8, 1),
(4, 9, 4, 9, 8, 0),
(4, 9, 4, 10, 8, 2),
(4, 9, 4, 11, 8, 2),
(4, 9, 4, 12, 8, 2),
(4, 9, 4, 13, 3, 2),
(4, 9, 4, 13, 8, 1),
(4, 9, 4, 12, 3, 2),
(4, 9, 4, 11, 3, 2),
(4, 16, 4, 9, 2, 1),
(4, 9, 4, 10, 3, 2),
(4, 16, 4, 10, 2, 1),
(4, 9, 4, 9, 3, 1),
(4, 9, 4, 9, 4, 2),
(4, 9, 4, 8, 3, 1),
(4, 16, 4, 11, 2, 2),
(4, 9, 4, 7, 3, 1),
(4, 9, 4, 6, 3, 1),
(4, 9, 4, 5, 3, 1),
(4, 16, 4, 12, 2, 2),
(4, 16, 4, 13, 2, 1),
(4, 9, 4, 6, 7, 2),
(4, 9, 4, 13, 5, 2),
(4, 9, 4, 8, 6, 2),
(4, 9, 4, 5, 5, 2),
(4, 9, 4, 6, 5, 1),
(4, 9, 4, 12, 5, 2),
(4, 9, 4, 8, 4, 1),
(4, 9, 4, 8, 5, 2),
(4, 9, 4, 7, 4, 0),
(4, 9, 4, 7, 6, 0),
(4, 9, 4, 7, 5, 1),
(4, 9, 4, 9, 6, 1),
(4, 9, 4, 10, 6, 2),
(4, 9, 4, 11, 6, 2),
(4, 9, 4, 12, 6, 2),
(4, 9, 4, 13, 6, 1),
(3, 57, 3, 1, 1, 1),
(3, 57, 3, 2, 1, 1),
(4, 9, 4, 7, 7, 1),
(3, 57, 3, 3, 1, 1),
(3, 57, 3, 4, 1, 1),
(4, 9, 4, 8, 7, 1),
(4, 9, 4, 12, 7, 2),
(4, 9, 4, 13, 7, 1),
(4, 9, 4, 10, 7, 2),
(4, 9, 4, 9, 7, 1),
(4, 9, 4, 10, 4, 2),
(3, 52, 3, 1, 1, 0),
(4, 9, 4, 12, 4, 2),
(3, 52, 3, 2, 1, 1),
(4, 9, 4, 13, 4, 1),
(4, 9, 4, 10, 5, 2),
(3, 52, 3, 3, 1, 1),
(4, 9, 4, 6, 4, 1),
(4, 9, 4, 9, 5, 2),
(4, 17, 4, 5, 7, 0),
(3, 52, 3, 4, 1, 0),
(4, 17, 4, 5, 6, 0),
(4, 17, 4, 5, 4, 0),
(3, 39, 3, 1, 1, 1),
(3, 39, 3, 2, 1, 1),
(4, 17, 4, 6, 7, 2),
(3, 39, 3, 3, 1, 1),
(3, 39, 3, 4, 1, 1),
(4, 17, 4, 5, 8, 0),
(4, 17, 4, 6, 8, 1),
(4, 17, 4, 6, 6, 1),
(4, 17, 4, 11, 7, 2),
(4, 17, 4, 11, 4, 2),
(4, 17, 4, 12, 7, 1),
(4, 17, 4, 7, 8, 1),
(4, 17, 4, 12, 4, 2),
(4, 17, 4, 13, 7, 2),
(4, 17, 4, 8, 8, 1),
(4, 17, 4, 13, 4, 1),
(4, 17, 4, 9, 8, 0),
(4, 17, 4, 10, 8, 2),
(4, 17, 4, 11, 8, 1),
(4, 17, 4, 12, 8, 2),
(4, 17, 4, 13, 8, 0),
(4, 9, 4, 5, 2, 0),
(4, 9, 4, 6, 2, 0),
(4, 17, 4, 5, 3, 0),
(4, 9, 4, 7, 2, 1),
(4, 9, 4, 8, 2, 1),
(4, 17, 4, 6, 3, 1),
(4, 17, 4, 7, 3, 1),
(4, 9, 4, 9, 2, 0),
(4, 17, 4, 8, 3, 1),
(4, 9, 4, 10, 2, 2),
(4, 17, 4, 9, 3, 1),
(3, 56, 3, 4, 1, 0),
(3, 56, 3, 3, 1, 0),
(4, 17, 4, 10, 3, 2),
(4, 17, 4, 11, 3, 1),
(4, 9, 4, 11, 2, 2),
(3, 56, 3, 2, 1, 1),
(3, 56, 3, 1, 1, 0),
(4, 9, 4, 12, 2, 1),
(4, 17, 4, 7, 7, 0),
(4, 17, 4, 12, 3, 1),
(4, 9, 4, 13, 2, 0),
(4, 17, 4, 13, 3, 1),
(4, 17, 4, 8, 7, 2),
(3, 31, 3, 2, 1, 1),
(3, 31, 3, 4, 1, 1),
(3, 31, 3, 3, 1, 1),
(4, 17, 4, 10, 7, 2),
(3, 31, 3, 1, 1, 0),
(4, 17, 4, 8, 4, 1),
(4, 17, 4, 9, 4, 0),
(4, 17, 4, 9, 7, 1),
(3, 54, 3, 1, 1, 0),
(3, 54, 3, 2, 1, 1),
(3, 54, 3, 3, 1, 0),
(3, 54, 3, 4, 1, 0),
(4, 17, 4, 7, 6, 0),
(4, 17, 4, 8, 6, 1),
(4, 17, 4, 9, 6, 0),
(4, 17, 4, 10, 6, 1),
(4, 17, 4, 11, 6, 1),
(4, 17, 4, 12, 6, 1),
(4, 17, 4, 13, 6, 1),
(4, 17, 4, 6, 4, 1),
(3, 58, 3, 4, 1, 0),
(3, 58, 3, 3, 1, 1),
(4, 17, 4, 7, 4, 0),
(3, 58, 3, 2, 1, 1),
(3, 58, 3, 1, 1, 1),
(4, 17, 4, 10, 4, 1),
(3, 51, 3, 1, 1, 0),
(3, 51, 3, 2, 1, 1),
(3, 51, 3, 3, 1, 0),
(3, 51, 3, 4, 1, 0),
(4, 17, 4, 5, 5, 1),
(4, 17, 4, 5, 2, 1),
(4, 17, 4, 6, 5, 1),
(4, 17, 4, 6, 2, 1),
(4, 17, 4, 7, 5, 1),
(4, 17, 4, 8, 5, 1),
(4, 4, 4, 5, 7, 2),
(4, 17, 4, 9, 5, 1),
(4, 17, 4, 7, 2, 0),
(4, 17, 4, 10, 5, 2),
(4, 17, 4, 8, 2, 0),
(4, 17, 4, 11, 5, 2),
(4, 17, 4, 12, 5, 2),
(4, 17, 4, 13, 5, 1),
(4, 17, 4, 9, 2, 1),
(4, 17, 4, 10, 2, 2),
(4, 17, 4, 11, 2, 1),
(4, 17, 4, 12, 2, 1),
(4, 17, 4, 13, 2, 0),
(3, 53, 3, 4, 1, 0),
(3, 53, 3, 3, 1, 1),
(3, 53, 3, 2, 1, 1),
(4, 4, 4, 5, 6, 2),
(4, 4, 4, 5, 4, 2),
(3, 53, 3, 1, 1, 0),
(4, 4, 4, 6, 6, 2),
(4, 4, 4, 5, 8, 1),
(4, 4, 4, 6, 4, 1),
(4, 4, 4, 6, 8, 1),
(4, 4, 4, 5, 3, 1),
(3, 55, 3, 1, 1, 0),
(4, 4, 4, 8, 7, 1),
(3, 55, 3, 2, 1, 1),
(4, 4, 4, 6, 3, 2),
(4, 4, 4, 8, 4, 2),
(4, 4, 4, 7, 3, 2),
(3, 55, 3, 3, 1, 0),
(4, 4, 4, 8, 3, 1),
(3, 55, 3, 4, 1, 0),
(4, 4, 4, 9, 3, 1),
(4, 4, 4, 10, 3, 3),
(4, 4, 4, 11, 3, 2),
(4, 4, 4, 12, 3, 2),
(4, 4, 4, 13, 3, 2),
(4, 4, 4, 8, 6, 1),
(4, 4, 4, 6, 7, 2),
(4, 6, 4, 5, 5, 1),
(4, 4, 4, 11, 4, 1),
(4, 6, 4, 7, 5, 1),
(4, 4, 4, 12, 4, 2),
(4, 6, 4, 8, 5, 1),
(4, 4, 4, 13, 4, 2),
(4, 6, 4, 9, 5, 1),
(4, 4, 4, 10, 4, 3),
(4, 6, 4, 10, 5, 2),
(4, 4, 4, 7, 8, 0),
(4, 6, 4, 11, 5, 1),
(4, 6, 4, 12, 5, 2),
(4, 6, 4, 13, 5, 1),
(4, 4, 4, 9, 8, 0),
(4, 20, 4, 13, 3, 1),
(4, 4, 4, 10, 8, 3),
(4, 4, 4, 11, 8, 2),
(4, 4, 4, 7, 4, 0),
(3, 38, 3, 1, 1, 0),
(3, 38, 3, 2, 1, 1),
(4, 4, 4, 10, 6, 1),
(3, 38, 3, 3, 1, 0),
(3, 38, 3, 4, 1, 0),
(4, 4, 4, 11, 6, 1),
(4, 4, 4, 12, 6, 1),
(4, 4, 4, 13, 6, 1),
(4, 4, 4, 11, 7, 2),
(4, 4, 4, 9, 6, 0),
(4, 4, 4, 10, 7, 3),
(4, 4, 4, 9, 7, 2),
(4, 4, 4, 7, 6, 0),
(4, 4, 4, 7, 7, 1),
(4, 4, 4, 12, 7, 2),
(4, 4, 4, 13, 7, 2),
(4, 4, 4, 12, 8, 1),
(4, 4, 4, 13, 8, 0),
(4, 4, 4, 8, 8, 1),
(3, 35, 3, 1, 1, 1),
(3, 35, 3, 2, 1, 1),
(3, 35, 3, 3, 1, 1),
(3, 35, 3, 4, 1, 1),
(3, 47, 3, 4, 1, 1),
(3, 47, 3, 3, 1, 1),
(3, 47, 3, 2, 1, 1),
(3, 47, 3, 1, 1, 1),
(3, 48, 3, 1, 1, 1),
(3, 48, 3, 2, 1, 1),
(3, 48, 3, 3, 1, 1),
(3, 48, 3, 4, 1, 0),
(3, 34, 3, 1, 1, 1),
(3, 34, 3, 2, 1, 1),
(3, 34, 3, 3, 1, 1),
(3, 34, 3, 4, 1, 1),
(3, 29, 3, 1, 1, 0),
(3, 29, 3, 2, 1, 1),
(3, 29, 3, 3, 1, 0),
(3, 29, 3, 4, 1, 0),
(3, 44, 3, 1, 1, 0),
(3, 44, 3, 2, 1, 1),
(3, 44, 3, 3, 1, 0),
(3, 44, 3, 4, 1, 1),
(3, 60, 3, 4, 1, 1),
(3, 60, 3, 1, 1, 1),
(3, 60, 3, 2, 1, 0),
(3, 60, 3, 3, 1, 0),
(3, 40, 3, 1, 1, 0),
(3, 40, 3, 2, 1, 1),
(3, 40, 3, 3, 1, 0),
(3, 40, 3, 4, 1, 1),
(3, 61, 3, 3, 1, 0),
(3, 61, 3, 2, 1, 1),
(3, 61, 3, 1, 1, 1),
(3, 61, 3, 4, 1, 0),
(3, 42, 3, 4, 1, 0),
(3, 42, 3, 3, 1, 0),
(3, 42, 3, 1, 1, 1),
(3, 42, 3, 2, 1, 0),
(3, 43, 3, 1, 1, 1),
(3, 43, 3, 2, 1, 1),
(3, 43, 3, 3, 1, 1),
(3, 43, 3, 4, 1, 1),
(3, 30, 3, 1, 1, 1),
(3, 30, 3, 3, 1, 1),
(3, 30, 3, 4, 1, 0),
(3, 25, 3, 1, 1, 0),
(3, 25, 3, 2, 1, 0),
(3, 25, 3, 3, 1, 0),
(3, 25, 3, 4, 1, 0),
(3, 41, 3, 2, 1, 0),
(3, 41, 3, 1, 1, 0),
(3, 41, 3, 3, 1, 0),
(3, 41, 3, 4, 1, 0),
(5, 62, 5, 14, 0, 2),
(5, 62, 5, 15, 0, 2),
(5, 62, 5, 16, 0, 1),
(5, 62, 5, 14, 9, 4),
(5, 62, 5, 15, 9, 3),
(5, 62, 5, 16, 13, 2),
(5, 62, 5, 16, 9, 4),
(5, 62, 5, 15, 13, 2),
(5, 62, 5, 15, 11, 3),
(5, 62, 5, 14, 13, 2),
(5, 62, 5, 16, 11, 3),
(5, 62, 5, 14, 11, 4),
(5, 63, 5, 14, 9, 4),
(5, 63, 5, 15, 9, 4),
(5, 63, 5, 16, 9, 4),
(5, 63, 5, 14, 13, 2),
(5, 63, 5, 15, 13, 4),
(5, 63, 5, 16, 13, 2),
(5, 63, 5, 14, 0, 2),
(5, 63, 5, 15, 0, 3),
(5, 63, 5, 16, 0, 2),
(5, 64, 5, 14, 9, 3),
(5, 64, 5, 15, 9, 3),
(5, 64, 5, 16, 9, 3),
(5, 64, 5, 14, 0, 1),
(5, 64, 5, 15, 0, 1),
(5, 64, 5, 16, 0, 2),
(5, 64, 5, 14, 13, 1),
(5, 64, 5, 15, 13, 2),
(5, 64, 5, 16, 13, 2),
(5, 63, 5, 14, 11, 4),
(5, 63, 5, 15, 11, 5),
(5, 63, 5, 16, 11, 4),
(5, 64, 5, 14, 11, 4),
(5, 64, 5, 15, 11, 3),
(5, 64, 5, 16, 11, 3),
(5, 65, 5, 14, 9, 5),
(5, 65, 5, 15, 9, 4),
(5, 65, 5, 16, 9, 3),
(5, 65, 5, 14, 0, 3),
(5, 65, 5, 14, 11, 5),
(5, 65, 5, 15, 11, 5),
(5, 65, 5, 16, 11, 5),
(5, 65, 5, 15, 0, 2),
(5, 65, 5, 16, 0, 2),
(5, 65, 5, 14, 13, 3),
(5, 65, 5, 16, 13, 2),
(5, 65, 5, 15, 13, 2),
(5, 66, 5, 14, 9, 5),
(5, 66, 5, 14, 13, 5),
(5, 66, 5, 15, 13, 5),
(5, 66, 5, 16, 13, 5),
(5, 66, 5, 15, 9, 4),
(5, 66, 5, 16, 9, 5),
(5, 66, 5, 14, 0, 2),
(5, 66, 5, 15, 0, 3),
(5, 66, 5, 14, 11, 5),
(5, 66, 5, 15, 11, 4),
(5, 66, 5, 16, 0, 3),
(5, 66, 5, 16, 11, 4),
(5, 62, 5, 14, 12, 3),
(5, 62, 5, 15, 12, 3),
(5, 62, 5, 16, 12, 3),
(5, 63, 5, 14, 12, 5),
(5, 63, 5, 15, 12, 5),
(5, 63, 5, 16, 12, 5),
(5, 64, 5, 14, 12, 3),
(5, 64, 5, 15, 12, 3),
(5, 64, 5, 16, 12, 3),
(5, 65, 5, 14, 12, 4),
(5, 65, 5, 15, 12, 3),
(5, 65, 5, 16, 12, 3),
(5, 66, 5, 14, 12, 5),
(5, 66, 5, 15, 12, 5),
(5, 66, 5, 16, 12, 5),
(5, 67, 5, 14, 11, 5),
(5, 67, 5, 16, 9, 5),
(5, 67, 5, 15, 9, 4),
(5, 67, 5, 14, 9, 4),
(5, 67, 5, 15, 11, 5),
(5, 67, 5, 14, 13, 2),
(5, 67, 5, 16, 13, 2),
(5, 67, 5, 15, 13, 2),
(5, 67, 5, 16, 11, 5),
(5, 67, 5, 14, 0, 3),
(5, 67, 5, 15, 0, 2),
(5, 67, 5, 16, 0, 2),
(5, 68, 5, 14, 9, 4),
(5, 68, 5, 15, 9, 4),
(5, 68, 5, 16, 9, 5),
(5, 68, 5, 14, 11, 5),
(5, 68, 5, 15, 11, 4),
(5, 68, 5, 16, 11, 4),
(5, 68, 5, 14, 0, 2),
(5, 68, 5, 15, 0, 2),
(5, 68, 5, 16, 0, 2),
(5, 68, 5, 14, 13, 3),
(5, 68, 5, 15, 13, 3),
(5, 68, 5, 16, 13, 3),
(5, 67, 5, 14, 12, 3),
(5, 67, 5, 15, 12, 3),
(5, 67, 5, 16, 12, 3),
(5, 68, 5, 14, 12, 3),
(5, 68, 5, 15, 12, 3),
(5, 68, 5, 16, 12, 3),
(5, 69, 5, 14, 9, 3),
(5, 69, 5, 15, 9, 4),
(5, 69, 5, 16, 9, 4),
(5, 69, 5, 16, 0, 1),
(5, 69, 5, 14, 0, 2),
(5, 69, 5, 15, 0, 2),
(5, 69, 5, 16, 11, 4),
(5, 69, 5, 14, 13, 2),
(5, 69, 5, 15, 13, 2),
(5, 69, 5, 16, 13, 2),
(5, 69, 5, 14, 11, 4),
(5, 69, 5, 15, 11, 5),
(5, 69, 5, 14, 12, 5),
(5, 69, 5, 15, 12, 5),
(5, 69, 5, 16, 12, 5),
(5, 70, 5, 14, 0, 2),
(5, 70, 5, 15, 0, 1),
(5, 70, 5, 16, 0, 2),
(5, 70, 5, 14, 11, 5),
(5, 70, 5, 15, 11, 4),
(5, 70, 5, 16, 11, 5),
(5, 70, 5, 14, 9, 4),
(5, 70, 5, 15, 9, 3),
(5, 70, 5, 16, 9, 4),
(5, 70, 5, 15, 12, 4),
(5, 70, 5, 14, 12, 3),
(5, 70, 5, 14, 13, 2),
(5, 70, 5, 15, 13, 2),
(5, 70, 5, 16, 13, 2),
(5, 70, 5, 16, 12, 4),
(7, 85, 7, 20, 23, 1),
(7, 88, 7, 20, 23, 0),
(7, 86, 7, 20, 23, 0),
(7, 87, 7, 20, 23, 0),
(7, 85, 7, 20, 23, 1),
(7, 86, 7, 20, 23, 1),
(7, 88, 7, 20, 23, 1),
(7, 87, 7, 20, 23, 0),
(7, 87, 7, 20, 23, 0),
(7, 86, 7, 20, 23, 1),
(7, 85, 7, 20, 23, 1),
(7, 88, 7, 20, 23, 1),
(7, 85, 7, 20, 23, 1),
(7, 86, 7, 20, 23, 1),
(7, 88, 7, 20, 23, 0),
(7, 87, 7, 20, 23, 0),
(7, 88, 7, 20, 23, 0),
(7, 86, 7, 20, 23, 1),
(7, 87, 7, 20, 23, 0),
(7, 85, 7, 20, 23, 0),
(7, 88, 7, 20, 23, 0),
(7, 87, 7, 20, 23, 0),
(7, 85, 7, 20, 23, 1),
(7, 86, 7, 20, 23, 0),
(7, 88, 7, 20, 23, 0),
(7, 85, 7, 20, 23, 0),
(7, 86, 7, 20, 23, 1),
(7, 87, 7, 20, 23, 0),
(7, 86, 7, 20, 23, 0),
(7, 87, 7, 20, 23, 0),
(7, 88, 7, 20, 23, 1),
(7, 85, 7, 20, 23, 0),
(7, 86, 7, 20, 23, 1),
(7, 85, 7, 20, 23, 0),
(7, 87, 7, 20, 23, 0),
(7, 88, 7, 20, 23, 0),
(7, 88, 7, 20, 23, 0),
(7, 87, 7, 20, 23, 0),
(7, 85, 7, 20, 23, 0),
(7, 86, 7, 20, 23, 1),
(7, 88, 7, 20, 23, 0),
(7, 85, 7, 20, 23, 0),
(7, 87, 7, 20, 23, 0),
(7, 86, 7, 20, 23, 1),
(7, 85, 7, 20, 23, 0),
(7, 88, 7, 20, 23, 0),
(7, 87, 7, 20, 23, 1),
(7, 86, 7, 20, 23, 0),
(7, 88, 7, 20, 23, 0),
(7, 87, 7, 20, 23, 0),
(7, 86, 7, 20, 23, 1),
(7, 85, 7, 20, 23, 0),
(7, 85, 7, 20, 23, 0),
(7, 87, 7, 20, 23, 0),
(7, 86, 7, 20, 23, 1),
(7, 88, 7, 20, 23, 0),
(7, 85, 7, 20, 23, 0),
(7, 86, 7, 20, 23, 0),
(7, 88, 7, 20, 23, 0),
(7, 87, 7, 20, 23, 1),
(7, 85, 7, 20, 23, 0),
(7, 87, 7, 20, 23, 0),
(7, 88, 7, 20, 23, 0),
(7, 86, 7, 20, 23, 1),
(7, 85, 7, 20, 23, 0),
(7, 86, 7, 20, 23, 1),
(7, 88, 7, 20, 23, 0),
(7, 87, 7, 20, 23, 1),
(7, 85, 7, 20, 23, 0),
(7, 87, 7, 20, 23, 1),
(7, 88, 7, 20, 23, 0),
(7, 86, 7, 20, 23, 1),
(7, 85, 7, 20, 23, 1),
(7, 86, 7, 20, 23, 1),
(7, 88, 7, 20, 23, 0),
(7, 87, 7, 20, 23, 0),
(7, 88, 7, 20, 23, 0),
(7, 86, 7, 20, 23, 1),
(7, 85, 7, 20, 23, 1),
(7, 87, 7, 20, 23, 0),
(7, 85, 7, 20, 23, 0),
(7, 88, 7, 20, 23, 0),
(7, 87, 7, 20, 23, 0),
(7, 86, 7, 20, 23, 1),
(7, 86, 7, 20, 23, 1),
(7, 85, 7, 20, 23, 1),
(7, 87, 7, 20, 23, 1),
(7, 88, 7, 20, 23, 1),
(7, 87, 7, 20, 23, 0),
(7, 86, 7, 20, 23, 1),
(7, 88, 7, 20, 23, 0),
(7, 85, 7, 20, 23, 1),
(7, 88, 7, 20, 23, 1),
(7, 87, 7, 20, 23, 0),
(7, 85, 7, 20, 23, 1),
(7, 86, 7, 20, 23, 0),
(7, 87, 7, 20, 23, 0),
(7, 88, 7, 20, 23, 1),
(7, 85, 7, 20, 23, 0),
(7, 86, 7, 20, 23, 0),
(7, 85, 7, 20, 23, 1),
(7, 88, 7, 20, 23, 1),
(7, 86, 7, 20, 23, 0),
(7, 87, 7, 20, 23, 1),
(7, 85, 7, 20, 23, 1),
(7, 86, 7, 20, 23, 0),
(7, 87, 7, 20, 23, 0),
(7, 88, 7, 20, 23, 1),
(7, 85, 7, 20, 23, 1),
(7, 88, 7, 20, 23, 1),
(7, 86, 7, 20, 23, 1),
(7, 87, 7, 20, 23, 1),
(7, 85, 7, 20, 23, 0),
(7, 86, 7, 20, 23, 1),
(7, 88, 7, 20, 23, 1),
(7, 87, 7, 20, 23, 0),
(7, 85, 7, 20, 23, 0),
(7, 88, 7, 20, 23, 1),
(7, 87, 7, 20, 23, 1),
(7, 86, 7, 20, 23, 1),
(7, 85, 7, 20, 23, 0),
(7, 87, 7, 20, 23, 0),
(7, 86, 7, 20, 23, 1),
(7, 88, 7, 20, 23, 0),
(7, 86, 7, 20, 23, 1),
(7, 87, 7, 20, 23, 1),
(7, 88, 7, 20, 23, 1),
(7, 85, 7, 20, 23, 0),
(7, 87, 7, 20, 23, 0),
(7, 86, 7, 20, 23, 1),
(7, 85, 7, 20, 23, 0),
(7, 88, 7, 20, 23, 1),
(7, 85, 7, 20, 23, 0),
(7, 88, 7, 20, 23, 1),
(7, 87, 7, 20, 23, 1),
(7, 86, 7, 20, 23, 1),
(7, 85, 7, 20, 23, 0),
(7, 86, 7, 20, 23, 1),
(7, 88, 7, 20, 23, 0),
(7, 87, 7, 20, 23, 0),
(7, 85, 7, 20, 23, 0),
(7, 86, 7, 20, 23, 1),
(7, 88, 7, 20, 23, 0),
(7, 87, 7, 20, 23, 0),
(7, 87, 7, 20, 23, 0),
(7, 86, 7, 20, 23, 1),
(7, 85, 7, 20, 23, 0),
(7, 88, 7, 20, 23, 0),
(7, 86, 7, 20, 23, 1),
(7, 87, 7, 20, 23, 1),
(7, 85, 7, 20, 23, 0),
(7, 88, 7, 20, 23, 1),
(7, 85, 7, 20, 23, 0),
(7, 86, 7, 20, 23, 1),
(7, 87, 7, 20, 23, 1),
(7, 88, 7, 20, 23, 1),
(7, 85, 7, 20, 23, 0),
(7, 88, 7, 20, 23, 1),
(7, 87, 7, 20, 23, 1),
(7, 86, 7, 20, 23, 1),
(7, 87, 7, 20, 23, 1),
(7, 86, 7, 20, 23, 0),
(7, 88, 7, 20, 23, 1),
(7, 85, 7, 20, 23, 0),
(7, 86, 7, 20, 23, 1),
(7, 85, 7, 20, 23, 0),
(7, 87, 7, 20, 23, 1),
(7, 88, 7, 20, 23, 1),
(7, 88, 7, 20, 23, 0),
(7, 87, 7, 20, 23, 0),
(7, 85, 7, 20, 23, 0),
(7, 86, 7, 20, 23, 1),
(7, 86, 7, 20, 23, 0),
(7, 88, 7, 20, 23, 0),
(7, 87, 7, 20, 23, 1),
(7, 85, 7, 20, 23, 0),
(8, 96, 8, 21, 25, 5),
(8, 90, 8, 21, 25, 4),
(8, 98, 8, 21, 25, 4),
(8, 97, 8, 21, 25, 5),
(8, 91, 8, 21, 25, 4),
(8, 89, 8, 21, 25, 4),
(8, 90, 8, 21, 26, 5),
(8, 96, 8, 21, 26, 5),
(8, 92, 8, 21, 25, 5),
(8, 95, 8, 21, 25, 4),
(8, 93, 8, 21, 25, 4),
(8, 98, 8, 21, 26, 4),
(8, 94, 8, 21, 25, 5),
(8, 91, 8, 21, 26, 5),
(8, 97, 8, 21, 26, 4),
(8, 89, 8, 21, 26, 4),
(8, 92, 8, 21, 26, 5),
(8, 95, 8, 21, 26, 4),
(8, 93, 8, 21, 26, 4),
(8, 94, 8, 21, 26, 5),
(8, 90, 8, 21, 28, 3),
(8, 91, 8, 21, 28, 3),
(8, 98, 8, 21, 28, 3),
(8, 97, 8, 21, 28, 5),
(8, 95, 8, 21, 28, 5),
(8, 94, 8, 21, 28, 5),
(8, 96, 8, 21, 27, 4),
(8, 91, 8, 21, 27, 2),
(8, 98, 8, 21, 27, 3),
(8, 97, 8, 21, 27, 4),
(8, 89, 8, 21, 27, 3),
(8, 98, 8, 21, 27, 3),
(8, 96, 8, 21, 27, 4),
(8, 91, 8, 21, 27, 2),
(8, 94, 8, 21, 27, 4),
(8, 95, 8, 21, 27, 4),
(8, 90, 10, 25, 28, 5),
(8, 92, 10, 25, 28, 5),
(8, 94, 10, 25, 28, 5),
(8, 98, 10, 25, 28, 5),
(8, 96, 10, 25, 28, 5),
(8, 93, 10, 25, 28, 4),
(8, 95, 10, 25, 28, 5),
(8, 97, 10, 25, 28, 4),
(8, 91, 10, 25, 28, 5),
(8, 89, 10, 25, 28, 5),
(8, 98, 10, 25, 27, 4),
(8, 93, 10, 25, 27, 4),
(8, 96, 10, 25, 27, 3),
(8, 94, 10, 25, 27, 3),
(8, 92, 10, 25, 27, 5),
(8, 90, 10, 25, 27, 4),
(8, 89, 10, 25, 27, 5),
(8, 91, 10, 25, 27, 5),
(8, 97, 10, 25, 27, 3),
(8, 95, 10, 25, 27, 4),
(8, 90, 10, 25, 25, 4),
(8, 94, 10, 25, 25, 5),
(8, 92, 10, 25, 25, 5),
(8, 98, 10, 25, 25, 4),
(8, 96, 10, 25, 25, 4),
(8, 91, 10, 25, 25, 5),
(8, 95, 10, 25, 25, 4),
(8, 97, 10, 25, 25, 3),
(8, 89, 10, 25, 25, 5),
(8, 93, 10, 25, 25, 5),
(8, 98, 10, 25, 24, 5),
(8, 94, 10, 25, 24, 5),
(8, 95, 10, 25, 24, 4),
(8, 93, 10, 25, 24, 5),
(8, 96, 10, 25, 24, 4),
(8, 90, 10, 25, 24, 5),
(8, 92, 10, 25, 24, 4),
(8, 97, 10, 25, 24, 3),
(8, 91, 10, 25, 24, 5),
(8, 89, 10, 25, 24, 4),
(8, 96, 10, 25, 26, 4),
(8, 90, 10, 25, 26, 4),
(8, 94, 10, 25, 26, 5),
(8, 98, 10, 25, 26, 4),
(8, 93, 10, 25, 26, 5),
(8, 92, 10, 25, 26, 4),
(8, 95, 10, 25, 26, 5),
(8, 97, 10, 25, 26, 3),
(8, 91, 10, 25, 26, 5),
(8, 89, 10, 25, 26, 4),
(8, 92, 8, 21, 0, 8),
(8, 89, 8, 21, 0, 4),
(8, 90, 8, 21, 27, 4),
(8, 93, 8, 21, 0, 8),
(8, 90, 8, 21, 24, 5),
(8, 98, 8, 21, 24, 4),
(8, 91, 8, 21, 24, 5),
(8, 96, 8, 21, 24, 5),
(8, 97, 8, 21, 24, 5),
(8, 89, 8, 21, 24, 5),
(8, 92, 8, 21, 24, 3),
(8, 95, 8, 21, 24, 4),
(8, 93, 8, 21, 24, 4),
(8, 94, 8, 21, 24, 5),
(8, 96, 11, 26, 25, 5),
(8, 89, 11, 26, 25, 4),
(8, 90, 11, 26, 25, 5),
(8, 98, 11, 26, 25, 4),
(8, 91, 11, 26, 25, 4),
(8, 95, 11, 26, 25, 4),
(8, 92, 11, 26, 25, 4),
(8, 93, 11, 26, 25, 4),
(8, 97, 11, 26, 25, 4),
(8, 94, 11, 26, 25, 5),
(8, 89, 11, 26, 26, 4),
(8, 96, 11, 26, 26, 5),
(8, 91, 11, 26, 26, 5),
(8, 90, 11, 26, 26, 5),
(8, 95, 11, 26, 26, 4),
(8, 98, 11, 26, 26, 4),
(8, 92, 11, 26, 26, 4),
(8, 93, 11, 26, 26, 4),
(8, 94, 11, 26, 26, 5),
(8, 97, 11, 26, 26, 5),
(8, 90, 11, 26, 27, 5),
(8, 91, 11, 26, 27, 4),
(8, 96, 11, 26, 27, 5),
(8, 89, 11, 26, 27, 4),
(8, 95, 11, 26, 27, 2),
(8, 98, 11, 26, 27, 4),
(8, 93, 11, 26, 27, 5),
(8, 92, 11, 26, 27, 4),
(8, 94, 11, 26, 27, 5),
(8, 97, 11, 26, 27, 4),
(8, 98, 11, 26, 28, 4),
(8, 91, 11, 26, 28, 5),
(8, 95, 11, 26, 28, 3),
(8, 90, 11, 26, 28, 5),
(8, 89, 11, 26, 28, 3),
(8, 96, 11, 26, 28, 5),
(8, 92, 11, 26, 28, 4),
(8, 93, 11, 26, 28, 5),
(8, 94, 11, 26, 28, 5),
(8, 97, 11, 26, 28, 5),
(8, 98, 11, 26, 24, 5),
(8, 91, 11, 26, 24, 4),
(8, 95, 11, 26, 24, 4),
(8, 90, 11, 26, 24, 5),
(8, 89, 11, 26, 24, 4),
(8, 96, 11, 26, 24, 5),
(8, 92, 11, 26, 24, 4),
(8, 93, 11, 26, 24, 5),
(8, 94, 11, 26, 24, 5),
(8, 97, 11, 26, 24, 5),
(6, 71, 6, 17, 38, 100),
(6, 72, 6, 17, 38, 2),
(6, 71, 15, 30, 38, 2),
(6, 72, 15, 30, 38, 2),
(6, 72, 6, 17, 22, 0),
(6, 71, 6, 17, 22, 5),
(6, 71, 9, 0, 0, 10),
(6, 72, 9, 0, 0, 10),
(6, 72, 15, 30, 22, 3),
(6, 71, 15, 30, 22, 4),
(6, 71, 6, 17, 38, 200),
(9, 107, 12, 27, 30, 4),
(9, 103, 12, 27, 30, 3),
(9, 104, 12, 27, 30, 4),
(9, 100, 12, 27, 30, 3),
(9, 108, 12, 27, 30, 4),
(9, 101, 12, 27, 30, 4),
(9, 99, 12, 27, 30, 5),
(9, 102, 12, 27, 30, 4),
(9, 109, 12, 27, 30, 3),
(9, 106, 12, 27, 30, 4),
(9, 105, 12, 27, 30, 4),
(9, 110, 12, 27, 30, 5),
(9, 107, 12, 27, 32, 3),
(9, 101, 12, 27, 32, 3),
(9, 100, 12, 27, 32, 4),
(9, 104, 12, 27, 32, 4),
(9, 103, 12, 27, 32, 3),
(9, 108, 12, 27, 32, 3),
(9, 99, 12, 27, 32, 5),
(9, 102, 12, 27, 32, 4),
(9, 105, 12, 27, 32, 4),
(9, 110, 12, 27, 32, 5),
(9, 109, 12, 27, 32, 3),
(9, 106, 12, 27, 32, 3),
(9, 100, 12, 27, 31, 2),
(9, 103, 12, 27, 31, 3),
(9, 101, 12, 27, 31, 4),
(9, 108, 12, 27, 31, 3),
(9, 107, 12, 27, 31, 4),
(9, 104, 12, 27, 31, 4),
(9, 99, 12, 27, 31, 5),
(9, 106, 12, 27, 31, 4),
(9, 102, 12, 27, 31, 4),
(9, 105, 12, 27, 31, 4),
(9, 109, 12, 27, 31, 3),
(9, 110, 12, 27, 31, 5),
(9, 107, 12, 27, 33, 4),
(9, 104, 12, 27, 33, 5),
(9, 101, 12, 27, 33, 3),
(9, 108, 12, 27, 33, 5),
(9, 100, 12, 27, 33, 4),
(9, 103, 12, 27, 33, 3),
(9, 99, 12, 27, 33, 5),
(9, 102, 12, 27, 33, 5),
(9, 106, 12, 27, 33, 5),
(9, 109, 12, 27, 33, 4),
(9, 105, 12, 27, 33, 5),
(9, 110, 12, 27, 33, 5),
(9, 108, 12, 27, 34, 5),
(9, 107, 12, 27, 34, 4),
(9, 106, 12, 27, 34, 5),
(9, 99, 12, 27, 34, 5),
(9, 100, 12, 27, 34, 3),
(9, 103, 12, 27, 34, 5),
(9, 104, 12, 27, 34, 5),
(9, 101, 12, 27, 34, 3),
(9, 102, 12, 27, 34, 5),
(9, 105, 12, 27, 34, 5),
(9, 110, 12, 27, 34, 5),
(9, 109, 12, 27, 34, 5),
(9, 101, 13, 0, 0, 1.5),
(9, 102, 13, 0, 0, 1.5),
(9, 103, 13, 0, 0, 1.5),
(9, 109, 13, 0, 0, 1.5),
(9, 104, 13, 0, 0, 2),
(9, 105, 13, 0, 0, 2),
(9, 108, 13, 0, 0, 2),
(9, 110, 13, 0, 0, 2),
(9, 99, 13, 0, 0, 3),
(9, 107, 13, 0, 0, 3),
(9, 100, 13, 0, 0, 2.5),
(9, 106, 13, 0, 0, 2.5),
(9, 108, 14, 29, 30, 4),
(9, 109, 14, 29, 30, 5),
(9, 103, 14, 29, 30, 5),
(9, 104, 14, 29, 30, 4),
(9, 100, 14, 29, 30, 6),
(9, 102, 14, 29, 30, 6),
(9, 106, 14, 29, 30, 5),
(9, 110, 14, 29, 30, 6),
(9, 107, 14, 29, 30, 5),
(9, 99, 14, 29, 30, 6),
(9, 105, 14, 29, 30, 5),
(9, 101, 14, 29, 30, 5),
(9, 108, 14, 29, 31, 5),
(9, 103, 14, 29, 31, 5),
(9, 104, 14, 29, 31, 4),
(9, 109, 14, 29, 31, 3),
(9, 100, 14, 29, 31, 6),
(9, 102, 14, 29, 31, 5),
(9, 106, 14, 29, 31, 5),
(9, 110, 14, 29, 31, 6),
(9, 107, 14, 29, 31, 4),
(9, 99, 14, 29, 31, 6),
(9, 105, 14, 29, 31, 4),
(9, 101, 14, 29, 31, 4),
(9, 104, 14, 29, 33, 5),
(9, 109, 14, 29, 33, 5),
(9, 100, 14, 29, 33, 6),
(9, 102, 14, 29, 33, 6),
(9, 108, 14, 29, 33, 5),
(9, 103, 14, 29, 33, 4),
(9, 110, 14, 29, 33, 6),
(9, 106, 14, 29, 33, 6),
(9, 107, 14, 29, 33, 5),
(9, 99, 14, 29, 33, 6),
(9, 105, 14, 29, 33, 5),
(9, 101, 14, 29, 33, 5),
(9, 108, 14, 29, 34, 5),
(9, 103, 14, 29, 34, 5),
(9, 109, 14, 29, 34, 5),
(9, 104, 14, 29, 34, 5),
(9, 100, 14, 29, 34, 6),
(9, 102, 14, 29, 34, 6),
(9, 106, 14, 29, 34, 6),
(9, 110, 14, 29, 34, 6),
(9, 107, 14, 29, 34, 5),
(9, 99, 14, 29, 34, 6),
(9, 105, 14, 29, 34, 5),
(9, 101, 14, 29, 34, 5),
(9, 109, 14, 29, 32, 4),
(9, 104, 14, 29, 32, 4),
(9, 102, 14, 29, 32, 6),
(9, 108, 14, 29, 32, 5),
(9, 103, 14, 29, 32, 4),
(9, 100, 14, 29, 32, 5),
(9, 106, 14, 29, 32, 6),
(9, 110, 14, 29, 32, 6),
(9, 107, 14, 29, 32, 6),
(9, 99, 14, 29, 32, 6),
(9, 105, 14, 29, 32, 4),
(9, 101, 14, 29, 32, 4),
(6, 72, 6, 19, 22, 0),
(10, 117, 16, 35, 42, 5),
(10, 117, 16, 36, 42, 5),
(10, 117, 16, 34, 42, 4),
(10, 117, 16, 33, 42, 4),
(10, 117, 16, 32, 40, 4),
(10, 117, 16, 32, 43, 2),
(10, 117, 16, 33, 40, 5),
(10, 117, 16, 34, 40, 4),
(10, 112, 16, 32, 41, 0),
(10, 112, 16, 33, 41, 0),
(10, 117, 16, 35, 40, 3),
(10, 112, 16, 34, 41, 0),
(10, 117, 16, 36, 40, 4),
(10, 117, 16, 33, 43, 3),
(10, 117, 16, 34, 43, 1),
(10, 112, 16, 35, 41, 0),
(10, 117, 16, 35, 43, 1),
(10, 112, 16, 36, 41, 0),
(10, 117, 16, 32, 42, 3),
(10, 113, 16, 35, 39, 3),
(10, 117, 16, 36, 43, 1),
(10, 113, 16, 36, 39, 2),
(10, 117, 16, 32, 39, 4),
(10, 117, 16, 33, 39, 4),
(10, 117, 16, 33, 41, 5),
(10, 117, 16, 32, 41, 3),
(10, 117, 16, 34, 41, 2),
(10, 117, 16, 34, 39, 4),
(10, 117, 16, 35, 39, 4),
(10, 117, 16, 35, 41, 4),
(10, 117, 16, 36, 39, 3),
(10, 117, 16, 36, 41, 2),
(10, 113, 16, 32, 42, 3),
(10, 113, 16, 33, 42, 5),
(10, 113, 16, 34, 42, 4),
(10, 113, 16, 32, 43, 2),
(10, 113, 16, 33, 43, 2),
(10, 113, 16, 34, 43, 0),
(10, 113, 16, 35, 42, 4),
(10, 113, 16, 35, 43, 1),
(10, 113, 16, 36, 43, 1),
(10, 113, 16, 32, 40, 4),
(10, 113, 16, 34, 40, 2),
(10, 113, 16, 32, 39, 2),
(10, 113, 16, 33, 40, 4),
(10, 113, 16, 35, 40, 3),
(10, 113, 16, 33, 39, 3),
(10, 113, 16, 36, 40, 3),
(10, 113, 16, 34, 39, 2),
(10, 113, 16, 36, 42, 4),
(10, 113, 16, 32, 41, 2),
(10, 113, 16, 33, 41, 3),
(10, 113, 16, 34, 41, 2),
(10, 113, 16, 35, 41, 2),
(10, 113, 16, 36, 41, 2),
(10, 118, 16, 32, 39, 1),
(10, 118, 16, 33, 39, 3),
(10, 118, 16, 34, 39, 3),
(10, 118, 16, 35, 39, 4),
(10, 118, 16, 36, 39, 4),
(10, 118, 16, 32, 42, 4),
(10, 118, 16, 33, 42, 4),
(10, 118, 16, 35, 42, 3),
(10, 118, 16, 36, 42, 5),
(10, 118, 16, 32, 40, 4),
(10, 118, 16, 33, 40, 5),
(10, 118, 16, 32, 41, 4),
(10, 118, 16, 34, 40, 5),
(10, 118, 16, 33, 41, 3),
(10, 118, 16, 34, 41, 2),
(10, 118, 16, 35, 40, 4),
(10, 118, 16, 36, 40, 5),
(10, 118, 16, 35, 41, 5),
(10, 118, 16, 36, 41, 5),
(10, 118, 16, 34, 42, 5),
(10, 118, 16, 32, 43, 3),
(10, 118, 16, 33, 43, 4),
(10, 118, 16, 34, 43, 3),
(10, 118, 16, 35, 43, 4),
(10, 118, 16, 36, 43, 3),
(10, 120, 16, 32, 39, 2),
(10, 120, 16, 33, 39, 1),
(10, 120, 16, 34, 39, 2),
(10, 120, 16, 35, 39, 2),
(10, 120, 16, 36, 39, 4),
(10, 120, 16, 32, 43, 1),
(10, 120, 16, 33, 43, 1),
(10, 120, 16, 34, 43, 1),
(10, 120, 16, 35, 43, 1),
(10, 120, 16, 36, 43, 2),
(10, 119, 16, 32, 41, 3),
(10, 120, 16, 32, 40, 4),
(10, 120, 16, 33, 40, 4),
(10, 120, 16, 34, 40, 3),
(10, 120, 16, 36, 40, 4),
(10, 120, 16, 35, 40, 3),
(10, 119, 16, 33, 41, 2),
(10, 119, 16, 34, 41, 2),
(10, 120, 16, 32, 42, 3),
(10, 120, 16, 33, 42, 3),
(10, 119, 16, 35, 41, 3),
(10, 119, 16, 36, 41, 3),
(10, 120, 16, 34, 42, 1),
(10, 120, 16, 35, 42, 3),
(10, 120, 16, 36, 42, 4),
(10, 116, 16, 32, 39, 3),
(10, 116, 16, 32, 43, 2),
(10, 116, 16, 33, 43, 1),
(10, 116, 16, 34, 39, 3),
(10, 116, 16, 34, 43, 1),
(10, 116, 16, 35, 43, 1),
(10, 116, 16, 36, 43, 1),
(10, 116, 16, 32, 42, 5),
(10, 116, 16, 33, 42, 4),
(10, 116, 16, 32, 40, 5),
(10, 116, 16, 33, 40, 5),
(10, 116, 16, 34, 40, 4),
(10, 116, 16, 35, 40, 3),
(10, 116, 16, 34, 42, 4),
(10, 116, 16, 36, 40, 4),
(10, 116, 16, 35, 42, 4),
(10, 116, 16, 36, 42, 3),
(10, 116, 16, 32, 41, 5),
(10, 116, 16, 33, 41, 4),
(10, 116, 16, 34, 41, 5),
(10, 116, 16, 35, 41, 2),
(10, 116, 16, 36, 41, 2),
(10, 121, 16, 36, 39, 2),
(10, 120, 16, 32, 41, 3),
(10, 120, 16, 33, 41, 3),
(10, 120, 16, 34, 41, 2),
(10, 120, 16, 35, 41, 5),
(10, 120, 16, 36, 41, 4),
(10, 121, 16, 32, 41, 2),
(10, 121, 16, 33, 41, 2),
(10, 121, 16, 34, 41, 2),
(10, 121, 16, 35, 41, 2),
(10, 121, 16, 36, 41, 3),
(10, 121, 16, 32, 42, 2),
(10, 121, 16, 33, 42, 2),
(10, 121, 16, 34, 42, 3),
(10, 121, 16, 35, 42, 3),
(10, 121, 16, 36, 42, 4),
(10, 121, 16, 32, 40, 5),
(10, 121, 16, 33, 40, 4),
(10, 121, 16, 34, 40, 5),
(10, 121, 16, 35, 40, 4),
(10, 121, 16, 36, 40, 3),
(10, 123, 16, 33, 42, 4),
(10, 123, 16, 32, 42, 3),
(10, 123, 16, 32, 40, 4),
(10, 123, 16, 33, 40, 4),
(10, 123, 16, 34, 40, 3),
(10, 123, 16, 36, 40, 3),
(10, 123, 16, 32, 43, 2),
(10, 123, 16, 34, 42, 3),
(10, 123, 16, 35, 42, 2),
(10, 123, 16, 33, 43, 3),
(10, 123, 16, 35, 40, 4),
(10, 123, 16, 34, 43, 1),
(10, 123, 16, 35, 43, 0),
(10, 123, 16, 36, 42, 3),
(10, 123, 16, 36, 43, 1),
(10, 123, 16, 32, 41, 3),
(10, 123, 16, 33, 41, 2),
(10, 123, 16, 34, 41, 4),
(10, 123, 16, 36, 41, 3),
(10, 123, 16, 32, 39, 3),
(10, 123, 16, 33, 39, 3),
(10, 123, 16, 34, 39, 3),
(10, 123, 16, 35, 39, 4),
(10, 123, 16, 36, 39, 4),
(10, 124, 16, 32, 39, 2),
(10, 124, 16, 33, 39, 3),
(10, 124, 16, 32, 40, 4),
(10, 124, 16, 34, 39, 2),
(10, 124, 16, 33, 40, 3),
(10, 124, 16, 35, 39, 4),
(10, 124, 16, 34, 40, 3),
(10, 124, 16, 36, 39, 3),
(10, 124, 16, 35, 40, 4),
(10, 124, 16, 36, 40, 3),
(10, 124, 16, 32, 41, 4),
(10, 124, 16, 33, 41, 3),
(10, 124, 16, 34, 41, 4),
(10, 124, 16, 36, 41, 3),
(10, 124, 16, 32, 43, 1),
(10, 124, 16, 33, 43, 2),
(10, 124, 16, 34, 43, 0),
(10, 124, 16, 35, 43, 1),
(10, 124, 16, 36, 43, 2),
(10, 124, 16, 32, 42, 3),
(10, 124, 16, 33, 42, 3),
(10, 124, 16, 34, 42, 2),
(10, 124, 16, 35, 42, 4),
(10, 124, 16, 36, 42, 3),
(10, 126, 16, 36, 39, 3),
(10, 126, 16, 32, 39, 3),
(10, 126, 16, 33, 39, 5),
(10, 126, 16, 34, 39, 2),
(10, 126, 16, 35, 39, 2),
(10, 126, 16, 32, 40, 5),
(10, 126, 16, 33, 40, 4),
(10, 126, 16, 34, 40, 3),
(10, 126, 16, 35, 40, 3),
(10, 126, 16, 36, 40, 3),
(10, 126, 16, 32, 42, 4),
(10, 126, 16, 32, 43, 1),
(10, 126, 16, 33, 43, 1),
(10, 126, 16, 32, 41, 5),
(10, 126, 16, 34, 43, 2),
(10, 126, 16, 33, 42, 3),
(10, 126, 16, 33, 41, 4),
(10, 126, 16, 35, 43, 1),
(10, 126, 16, 36, 43, 1),
(10, 126, 16, 34, 42, 3),
(10, 126, 16, 35, 42, 3),
(10, 126, 16, 34, 41, 3),
(10, 126, 16, 35, 41, 4),
(10, 126, 16, 36, 41, 3),
(10, 126, 16, 36, 42, 3),
(10, 116, 16, 33, 39, 2),
(10, 116, 16, 35, 39, 2),
(10, 116, 16, 36, 39, 3),
(10, 121, 16, 32, 39, 2),
(10, 121, 16, 33, 39, 3),
(10, 121, 16, 34, 39, 2),
(10, 121, 16, 35, 39, 3),
(10, 129, 16, 32, 42, 5),
(10, 129, 16, 33, 42, 4),
(10, 129, 16, 32, 39, 2),
(10, 129, 16, 35, 42, 5),
(10, 129, 16, 33, 39, 4),
(10, 129, 16, 34, 42, 5),
(10, 129, 16, 32, 41, 4),
(10, 129, 16, 32, 40, 4),
(10, 129, 16, 32, 43, 4),
(10, 129, 16, 33, 43, 4),
(10, 129, 16, 33, 40, 5),
(10, 129, 16, 34, 40, 5),
(10, 129, 16, 33, 41, 5),
(10, 129, 16, 35, 40, 5),
(10, 129, 16, 34, 43, 3),
(10, 129, 16, 36, 40, 5),
(10, 129, 16, 34, 39, 4),
(10, 129, 16, 35, 39, 5),
(10, 129, 16, 35, 43, 3),
(10, 129, 16, 34, 41, 5),
(10, 129, 16, 36, 39, 4),
(10, 129, 16, 36, 43, 4),
(10, 129, 16, 36, 42, 4),
(10, 129, 16, 36, 41, 5),
(10, 130, 16, 32, 42, 5),
(10, 130, 16, 36, 39, 5),
(10, 130, 16, 32, 39, 4),
(10, 130, 16, 33, 39, 5),
(10, 130, 16, 34, 39, 3),
(10, 130, 16, 35, 39, 3),
(10, 130, 16, 33, 42, 5),
(10, 130, 16, 32, 40, 4),
(10, 130, 16, 33, 40, 4),
(10, 130, 16, 35, 40, 5),
(10, 130, 16, 34, 42, 4),
(10, 130, 16, 36, 40, 4),
(10, 130, 16, 35, 42, 5),
(10, 130, 16, 36, 42, 5),
(10, 130, 16, 34, 40, 4),
(10, 130, 16, 32, 43, 4),
(10, 130, 16, 33, 43, 3),
(10, 130, 16, 34, 43, 4),
(10, 130, 16, 35, 43, 5),
(10, 130, 16, 36, 43, 5),
(10, 119, 16, 32, 40, 5),
(10, 119, 16, 33, 40, 5),
(10, 119, 16, 34, 40, 4),
(10, 119, 16, 35, 40, 3),
(10, 119, 16, 32, 39, 2),
(10, 119, 16, 33, 39, 4),
(10, 119, 16, 34, 39, 2),
(10, 119, 16, 35, 39, 2),
(10, 119, 16, 36, 39, 4),
(10, 119, 16, 36, 40, 4),
(10, 119, 16, 34, 42, 4),
(10, 119, 16, 33, 42, 2),
(10, 119, 16, 32, 42, 4),
(10, 119, 16, 35, 42, 1),
(10, 119, 16, 36, 42, 3),
(10, 119, 16, 32, 43, 2),
(10, 119, 16, 33, 43, 2),
(10, 119, 16, 34, 43, 3),
(10, 119, 16, 35, 43, 1),
(10, 119, 16, 36, 43, 3),
(10, 125, 16, 32, 42, 4),
(10, 125, 16, 33, 42, 4),
(10, 125, 16, 34, 42, 5),
(10, 125, 16, 32, 39, 4),
(10, 125, 16, 33, 39, 4),
(10, 125, 16, 34, 39, 2),
(10, 125, 16, 35, 39, 2),
(10, 125, 16, 36, 39, 4),
(10, 125, 16, 35, 42, 1),
(10, 125, 16, 32, 41, 5),
(10, 125, 16, 33, 41, 3),
(10, 125, 16, 34, 41, 1),
(10, 125, 16, 35, 41, 3),
(10, 125, 16, 36, 41, 2),
(10, 125, 16, 36, 42, 3),
(10, 125, 16, 32, 40, 5),
(10, 125, 16, 33, 40, 4),
(10, 125, 16, 34, 40, 4),
(10, 125, 16, 32, 43, 2),
(10, 125, 16, 33, 43, 1),
(10, 125, 16, 35, 40, 2),
(10, 125, 16, 36, 40, 3),
(10, 125, 16, 34, 43, 1),
(10, 125, 16, 35, 43, 1),
(10, 125, 16, 36, 43, 2),
(10, 115, 16, 32, 42, 5),
(10, 115, 16, 36, 42, 1),
(10, 115, 16, 33, 41, 5),
(10, 115, 16, 32, 40, 5),
(10, 115, 16, 33, 40, 5),
(10, 115, 16, 34, 40, 4),
(10, 115, 16, 35, 40, 4),
(10, 115, 16, 36, 40, 3),
(10, 115, 16, 32, 41, 5),
(10, 115, 16, 34, 41, 2),
(10, 115, 16, 35, 41, 3),
(10, 115, 16, 36, 41, 2),
(10, 115, 16, 32, 39, 3),
(10, 115, 16, 33, 39, 2),
(10, 115, 16, 34, 39, 3),
(10, 115, 16, 35, 39, 2),
(10, 115, 16, 36, 39, 3),
(10, 115, 16, 33, 42, 4),
(10, 115, 16, 34, 42, 5),
(10, 115, 16, 32, 43, 2),
(10, 115, 16, 35, 42, 4),
(10, 115, 16, 33, 43, 2),
(10, 115, 16, 34, 43, 1),
(10, 115, 16, 35, 43, 0),
(10, 115, 16, 36, 43, 1),
(10, 131, 16, 32, 42, 4),
(10, 131, 16, 33, 42, 5),
(10, 131, 16, 34, 42, 4),
(10, 131, 16, 32, 39, 4),
(10, 131, 16, 33, 39, 4),
(10, 131, 16, 34, 39, 4),
(10, 131, 16, 33, 40, 4),
(10, 131, 16, 35, 42, 5),
(10, 131, 16, 36, 40, 5),
(10, 131, 16, 35, 40, 5),
(10, 131, 16, 34, 40, 4),
(10, 131, 16, 32, 43, 2),
(10, 131, 16, 35, 39, 5),
(10, 131, 16, 33, 43, 2),
(10, 131, 16, 32, 40, 4),
(10, 131, 16, 34, 43, 3),
(10, 131, 16, 32, 41, 5),
(10, 131, 16, 35, 43, 2),
(10, 131, 16, 36, 43, 4),
(10, 131, 16, 36, 42, 5),
(10, 131, 16, 36, 39, 5),
(10, 131, 16, 33, 41, 5),
(10, 131, 16, 34, 41, 3),
(10, 131, 16, 35, 41, 5),
(10, 131, 16, 36, 41, 4),
(10, 132, 16, 32, 42, 5),
(10, 132, 16, 33, 42, 4),
(10, 132, 16, 32, 39, 3),
(10, 132, 16, 33, 39, 3),
(10, 132, 16, 34, 39, 4),
(10, 132, 16, 35, 39, 4),
(10, 132, 16, 36, 39, 4),
(10, 132, 16, 35, 42, 4),
(10, 132, 16, 34, 42, 5),
(10, 132, 16, 32, 41, 5),
(10, 132, 16, 33, 41, 3),
(10, 132, 16, 34, 41, 5),
(10, 132, 16, 35, 41, 5),
(10, 132, 16, 36, 41, 5),
(10, 132, 16, 36, 42, 4),
(10, 132, 16, 32, 43, 4),
(10, 132, 16, 33, 43, 3),
(10, 132, 16, 32, 40, 4),
(10, 132, 16, 34, 43, 4),
(10, 132, 16, 33, 40, 4),
(10, 132, 16, 34, 40, 5),
(10, 132, 16, 35, 43, 4),
(10, 132, 16, 35, 40, 4),
(10, 132, 16, 36, 40, 5),
(10, 132, 16, 36, 43, 5),
(10, 122, 16, 32, 39, 2),
(10, 122, 16, 33, 39, 2),
(10, 122, 16, 34, 39, 3),
(10, 122, 16, 35, 39, 3),
(10, 122, 16, 36, 39, 3),
(10, 122, 16, 32, 42, 4),
(10, 122, 16, 33, 42, 4),
(10, 122, 16, 34, 42, 5),
(10, 122, 16, 36, 40, 3),
(10, 122, 16, 32, 40, 3),
(10, 122, 16, 33, 40, 4),
(10, 122, 16, 34, 40, 5),
(10, 122, 16, 35, 40, 3),
(10, 122, 16, 32, 41, 4),
(10, 122, 16, 33, 41, 4),
(10, 122, 16, 36, 42, 4),
(10, 122, 16, 34, 41, 2),
(10, 122, 16, 35, 42, 5),
(10, 122, 16, 35, 41, 2),
(10, 122, 16, 36, 41, 4),
(10, 122, 16, 32, 43, 3),
(10, 122, 16, 33, 43, 4),
(10, 122, 16, 34, 43, 3),
(10, 122, 16, 35, 43, 2),
(10, 122, 16, 36, 43, 3),
(10, 133, 16, 32, 40, 3),
(10, 133, 16, 33, 40, 4),
(10, 133, 16, 34, 40, 4),
(10, 133, 16, 35, 40, 3),
(10, 133, 16, 36, 40, 4),
(10, 133, 16, 32, 41, 5),
(10, 133, 16, 33, 41, 5),
(10, 133, 16, 32, 43, 2),
(10, 133, 16, 34, 41, 4),
(10, 133, 16, 35, 41, 1),
(10, 133, 16, 33, 43, 3),
(10, 133, 16, 36, 41, 3),
(10, 133, 16, 34, 43, 1),
(10, 133, 16, 35, 43, 2),
(10, 133, 16, 36, 43, 2),
(10, 130, 16, 33, 41, 4),
(10, 130, 16, 32, 41, 4),
(10, 130, 16, 34, 41, 3),
(10, 130, 16, 35, 41, 4),
(10, 133, 16, 32, 42, 4),
(10, 130, 16, 36, 41, 5),
(10, 133, 16, 32, 39, 2),
(10, 133, 16, 33, 39, 3),
(10, 133, 16, 34, 39, 3),
(10, 133, 16, 35, 39, 3),
(10, 133, 16, 36, 39, 3),
(10, 133, 16, 34, 42, 4),
(10, 133, 16, 35, 42, 1),
(10, 133, 16, 36, 42, 3),
(10, 133, 16, 33, 42, 3),
(10, 121, 16, 32, 43, 1),
(10, 121, 16, 33, 43, 2),
(10, 121, 16, 35, 43, 2),
(10, 121, 16, 36, 43, 2),
(11, 140, 17, 37, 51, 5),
(11, 138, 17, 37, 51, 3),
(11, 137, 17, 37, 51, 5),
(11, 139, 17, 37, 51, 4),
(11, 139, 17, 37, 47, 3),
(11, 138, 17, 37, 47, 3),
(11, 137, 17, 37, 47, 5),
(11, 140, 17, 37, 47, 4),
(11, 137, 17, 37, 49, 5),
(11, 138, 17, 37, 49, 3),
(11, 139, 17, 37, 49, 4),
(11, 140, 17, 37, 49, 4),
(11, 138, 17, 37, 48, 4),
(11, 139, 17, 37, 48, 4),
(11, 137, 17, 37, 48, 5),
(11, 140, 17, 37, 48, 5),
(11, 139, 17, 37, 50, 5),
(11, 140, 17, 37, 50, 5),
(11, 137, 17, 37, 50, 5),
(11, 138, 17, 37, 50, 3),
(11, 138, 18, 38, 49, 5),
(11, 140, 18, 38, 49, 5),
(11, 137, 18, 38, 49, 5),
(11, 139, 18, 38, 49, 4),
(11, 137, 18, 38, 48, 5),
(11, 138, 18, 38, 48, 4),
(11, 140, 18, 38, 48, 5),
(11, 139, 18, 38, 48, 4),
(11, 137, 18, 38, 51, 5),
(11, 137, 18, 38, 50, 5),
(11, 138, 18, 38, 51, 4),
(11, 138, 18, 38, 50, 5),
(11, 139, 18, 38, 50, 3),
(11, 140, 18, 38, 50, 4),
(11, 140, 18, 38, 51, 4),
(11, 139, 18, 38, 51, 5),
(11, 138, 18, 38, 47, 5),
(11, 140, 18, 38, 47, 4),
(11, 137, 18, 38, 47, 5),
(11, 139, 18, 38, 47, 4),
(11, 140, 19, 39, 50, 3),
(11, 137, 19, 39, 50, 4),
(11, 139, 19, 39, 50, 3),
(11, 138, 19, 39, 50, 4),
(11, 138, 19, 39, 49, 3),
(11, 137, 19, 39, 49, 3),
(11, 139, 19, 39, 49, 2),
(11, 140, 19, 39, 49, 3),
(11, 137, 19, 39, 51, 3),
(11, 139, 19, 39, 51, 2),
(11, 140, 19, 39, 51, 3),
(11, 138, 19, 39, 48, 4),
(11, 137, 19, 39, 48, 3),
(11, 139, 19, 39, 48, 3),
(11, 140, 19, 39, 48, 3),
(11, 138, 19, 39, 47, 4),
(11, 139, 19, 39, 47, 2),
(11, 137, 19, 39, 47, 3),
(11, 140, 19, 39, 47, 3),
(11, 138, 19, 39, 51, 4),
(11, 138, 20, 40, 51, 2),
(11, 137, 20, 40, 51, 3),
(11, 139, 20, 40, 51, 3),
(11, 140, 20, 40, 51, 4),
(11, 138, 20, 40, 48, 3),
(11, 137, 20, 40, 48, 3),
(11, 140, 20, 40, 48, 3),
(11, 139, 20, 40, 48, 4),
(11, 139, 20, 40, 50, 4),
(11, 137, 20, 40, 50, 3),
(11, 140, 20, 40, 50, 4),
(11, 138, 20, 40, 50, 2),
(11, 139, 20, 40, 49, 4),
(11, 138, 20, 40, 49, 3),
(11, 140, 20, 40, 49, 4),
(11, 137, 20, 40, 49, 3),
(11, 139, 20, 40, 47, 4),
(11, 137, 20, 40, 47, 3),
(11, 138, 20, 40, 47, 2),
(11, 140, 20, 40, 47, 4),
(11, 140, 21, 41, 51, 4),
(11, 137, 21, 41, 51, 5),
(11, 139, 21, 41, 51, 3),
(11, 138, 21, 41, 51, 2),
(11, 138, 21, 41, 50, 4),
(11, 137, 21, 41, 50, 4),
(11, 140, 21, 41, 50, 5),
(11, 139, 21, 41, 50, 3),
(11, 137, 21, 41, 47, 4),
(11, 138, 21, 41, 47, 2),
(11, 139, 21, 41, 47, 2),
(11, 140, 21, 41, 47, 4),
(11, 138, 21, 41, 49, 5),
(11, 139, 21, 41, 49, 4),
(11, 137, 21, 41, 49, 5),
(11, 140, 21, 41, 49, 4),
(11, 137, 21, 41, 48, 4),
(11, 139, 21, 41, 48, 4),
(11, 140, 21, 41, 48, 4),
(11, 138, 21, 41, 48, 5);

-- --------------------------------------------------------

--
-- Структура таблицы `Stages`
--

CREATE TABLE `Stages` (
  `id` int(18) NOT NULL,
  `name` text NOT NULL,
  `description` text NOT NULL,
  `id_event` int(18) NOT NULL,
  `allcriterions` int(3) NOT NULL DEFAULT '1'
) ENGINE=InnoDB DEFAULT CHARSET=utf8;

--
-- Дамп данных таблицы `Stages`
--

INSERT INTO `Stages` (`id`, `name`, `description`, `id_event`, `allcriterions`) VALUES
(3, 'ТНЛ-ИССЛЕДОВАНИЕ', 'ТНЛ-ИССЛЕДОВАНИЕ', 3, 5),
(4, 'ПРОЕКТЫ', 'Оцените команды участников по требуемым ниже критериям', 4, 10),
(5, 'Выступление факультетов', 'Пожалуйста, оцените факультеты по критериям. Для выставления оценки факультету, нажмите на него. ', 5, 4),
(6, 'Presentation', 'Welcome to the electronic voting system! Please refer to the list of criteria before the event. You can change the scores during the event. ', 6, 4),
(7, 'Выбор лучшей выпечки', 'Если выпечка нравиться, то ставим балл равный 1, если не нравиться, то балл равен 0\n', 7, 2),
(8, '«Визитка» факультета', 'этап 1', 8, 2),
(10, '«Идеальная модель первокурсника»', 'этап 2', 8, 2),
(11, '«Клип» с тематикой евровидения', 'этап 3', 8, 2),
(12, 'Образы', 'критерии: соответствие стиля конкурсанта созданному образу; актерская игра; полнота и узнаваемость картины\nмаксимум 5, минимум 1', 9, 2),
(13, 'Спортивный', 'спортивный с выбыванием (я думаю что этот этап будет оцениваться автоматически, а не жюри)\nа) спорт испытание, 6-5 человек останется\nб) кувалда в конце останется 3-4 человека\nв) вопросы\nвыбывшие в этапе А получают 1,5 балла\nВыбывшие в этапе Б получают 2 балла \nФиналисты 2,5 балла\nПобедитель 3 балла', 9, 2),
(14, 'Творческий', ' творческий\nкритерии: эстетическая составляющая номера, режиссура, творческие способности и артистизм участника, оригинальность номера.\nмаксимум 6, минимум 1', 9, 2),
(16, 'Voting Projects', 'Welcome to the electronic voting system! Please refer to the list of criteria before the event. You can change the scores during the event. Be careful while you choose a project for voting.', 10, 6),
(17, 'Фристайл', 'Оцените выступление команд', 11, 2),
(18, 'Разминка', 'Оцените выступление команд', 11, 2),
(19, 'Капитанский конкурс', 'Оцените выступление команд', 11, 2),
(20, 'Видео(Блог команды)', 'Оцените выступление команд', 11, 2),
(21, 'СТЭМ', 'Оцените выступление команд', 11, 2);

-- --------------------------------------------------------

--
-- Структура таблицы `Users`
--

CREATE TABLE `Users` (
  `id` int(18) NOT NULL,
  `lastname` varchar(20) DEFAULT NULL,
  `name` varchar(20) NOT NULL,
  `surname` varchar(20) NOT NULL,
  `sex` varchar(10) NOT NULL,
  `number` varchar(12) NOT NULL,
  `city` int(11) NOT NULL,
  `avatar` varchar(65) NOT NULL DEFAULT 'no-user.png',
  `email` varchar(65) NOT NULL,
  `password` varchar(18) NOT NULL,
  `role` int(18) NOT NULL,
  `done` int(11) NOT NULL
) ENGINE=InnoDB DEFAULT CHARSET=utf8;

--
-- Дамп данных таблицы `Users`
--

INSERT INTO `Users` (`id`, `lastname`, `name`, `surname`, `sex`, `number`, `city`, `avatar`, `email`, `password`, `role`, `done`) VALUES
(3, NULL, '', '', '', '', 0, 'no-user.png', 'murod@ya.ru', 'pronwe', 0, 1),
(2, NULL, '', '', '', '', 0, 'no-user.png', 'petya@ya.ru', 'pronwe', 0, 0),
(1, '', 'Николай', 'Туров', 'Мужской', '', 1, 'no-user.png', 'turov@ya.ru', 'pronwe', 0, 1);

-- --------------------------------------------------------

--
-- Структура таблицы `Voting`
--

CREATE TABLE `Voting` (
  `id` int(11) NOT NULL,
  `id_participant` int(18) NOT NULL,
  `score` int(18) NOT NULL DEFAULT '0'
) ENGINE=InnoDB DEFAULT CHARSET=utf8;

--
-- Дамп данных таблицы `Voting`
--

INSERT INTO `Voting` (`id`, `id_participant`, `score`) VALUES
(1, 137, 400),
(2, 138, 359),
(3, 139, 667),
(4, 140, 573);

--
-- Индексы сохранённых таблиц
--

--
-- Индексы таблицы `BlockedStages`
--
ALTER TABLE `BlockedStages`
  ADD PRIMARY KEY (`id`);

--
-- Индексы таблицы `Cities`
--
ALTER TABLE `Cities`
  ADD PRIMARY KEY (`id`);

--
-- Индексы таблицы `Criteria`
--
ALTER TABLE `Criteria`
  ADD PRIMARY KEY (`id`);

--
-- Индексы таблицы `Events`
--
ALTER TABLE `Events`
  ADD PRIMARY KEY (`id`);

--
-- Индексы таблицы `Judges`
--
ALTER TABLE `Judges`
  ADD PRIMARY KEY (`id`);

--
-- Индексы таблицы `Participants`
--
ALTER TABLE `Participants`
  ADD PRIMARY KEY (`id`);

--
-- Индексы таблицы `Stages`
--
ALTER TABLE `Stages`
  ADD PRIMARY KEY (`id`);

--
-- Индексы таблицы `Users`
--
ALTER TABLE `Users`
  ADD PRIMARY KEY (`email`),
  ADD UNIQUE KEY `id` (`id`);

--
-- Индексы таблицы `Voting`
--
ALTER TABLE `Voting`
  ADD PRIMARY KEY (`id`);

--
-- AUTO_INCREMENT для сохранённых таблиц
--

--
-- AUTO_INCREMENT для таблицы `BlockedStages`
--
ALTER TABLE `BlockedStages`
  MODIFY `id` int(18) NOT NULL AUTO_INCREMENT, AUTO_INCREMENT=20;
--
-- AUTO_INCREMENT для таблицы `Cities`
--
ALTER TABLE `Cities`
  MODIFY `id` int(11) NOT NULL AUTO_INCREMENT, AUTO_INCREMENT=6;
--
-- AUTO_INCREMENT для таблицы `Criteria`
--
ALTER TABLE `Criteria`
  MODIFY `id` int(18) NOT NULL AUTO_INCREMENT, AUTO_INCREMENT=42;
--
-- AUTO_INCREMENT для таблицы `Events`
--
ALTER TABLE `Events`
  MODIFY `id` int(18) NOT NULL AUTO_INCREMENT, AUTO_INCREMENT=12;
--
-- AUTO_INCREMENT для таблицы `Judges`
--
ALTER TABLE `Judges`
  MODIFY `id` int(18) NOT NULL AUTO_INCREMENT, AUTO_INCREMENT=52;
--
-- AUTO_INCREMENT для таблицы `Participants`
--
ALTER TABLE `Participants`
  MODIFY `id` int(18) NOT NULL AUTO_INCREMENT, AUTO_INCREMENT=141;
--
-- AUTO_INCREMENT для таблицы `Stages`
--
ALTER TABLE `Stages`
  MODIFY `id` int(18) NOT NULL AUTO_INCREMENT, AUTO_INCREMENT=22;
--
-- AUTO_INCREMENT для таблицы `Users`
--
ALTER TABLE `Users`
  MODIFY `id` int(18) NOT NULL AUTO_INCREMENT, AUTO_INCREMENT=4;
--
-- AUTO_INCREMENT для таблицы `Voting`
--
ALTER TABLE `Voting`
  MODIFY `id` int(11) NOT NULL AUTO_INCREMENT, AUTO_INCREMENT=23;
/*!40101 SET CHARACTER_SET_CLIENT=@OLD_CHARACTER_SET_CLIENT */;
/*!40101 SET CHARACTER_SET_RESULTS=@OLD_CHARACTER_SET_RESULTS */;
/*!40101 SET COLLATION_CONNECTION=@OLD_COLLATION_CONNECTION */;
